EF,INF,ADR,DI,others,annotation,review_id,sentence_id,sent_start,sent_end,INF,EF,DI,ADR,others
0,0,0,1,0,DI[3]|Finding[1],252298,4,141,379,0.5353938341140747,0.22826644778251648,0.44400009512901306,0.9131125211715698,0.022954165935516357
1,0,0,0,0,EF[2],252298,7,488,625,0.8473683595657349,0.16954630613327026,0.28902485966682434,0.33992940187454224,0.03851771354675293
0,0,0,0,0,NEUTRAL,252298,8,626,735,0.15061989426612854,0.03486332297325134,0.04488801956176758,0.038808584213256836,0.005747705698013306
0,0,0,1,0,DI[1],2457636,2,101,242,0.11102533340454102,0.060622841119766235,0.030034571886062622,0.9728968739509583,0.016929268836975098
0,1,0,1,0,INF[3]|DI[2],2457636,5,344,495,0.3665476441383362,0.7848451137542725,0.09255412220954895,0.9591084122657776,0.07652285695075989
0,1,0,0,0,INF[4],2457636,6,496,576,0.06254711747169495,0.1867438554763794,0.017765432596206665,0.0772925615310669,0.007640838623046875
0,0,0,0,0,NEUTRAL,2457636,1,0,100,0.15383321046829224,0.9137155413627625,0.05066600441932678,0.08093339204788208,0.05730336904525757
0,0,0,1,0,DI[1],902248,1,0,47,0.1040603518486023,0.054024696350097656,0.030683964490890503,0.9699093103408813,0.020021826028823853
0,1,0,0,0,INF[2],902248,4,156,177,0.08993899822235107,0.8973137736320496,0.05911925435066223,0.1141001284122467,0.05669218301773071
0,1,0,0,0,INF[3],902248,13,632,672,0.07810711860656738,0.8840838670730591,0.055259376764297485,0.11042460799217224,0.054766178131103516
0,1,0,0,0,INF[4],902248,17,792,840,0.087164968252182,0.896396815776825,0.05297917127609253,0.1218399703502655,0.05840879678726196
0,0,0,0,0,NEUTRAL,902248,2,48,89,0.21754339337348938,0.05583915114402771,0.02789592742919922,0.02591434121131897,0.011581897735595703
0,0,0,1,0,DI[5],1410682,1,0,153,0.16091081500053406,0.02952951192855835,0.09004810452461243,0.2609562277793884,0.002646535634994507
0,0,0,1,0,DI[8],1410682,3,185,320,0.16344121098518372,0.07753655314445496,0.8954262733459473,0.11448600888252258,0.024717658758163452
1,0,0,0,0,EF[4],1410682,6,400,414,0.7019038200378418,0.07140085101127625,0.081673264503479,0.10413628816604614,0.045149028301239014
1,0,0,1,0,EF[1]|DI[2]|Finding[6],1410682,7,415,578,0.0926581621170044,0.054234087467193604,0.925931453704834,0.07953959703445435,0.04915514588356018
0,0,1,0,0,ADR[3],1410682,9,648,708,0.07294157147407532,0.05937543511390686,0.9095786213874817,0.07261726260185242,0.04804062843322754
0,0,1,0,0,ADR[7],1410682,10,709,762,0.08343809843063354,0.058964312076568604,0.9019900560379028,0.06656679511070251,0.03693106770515442
0,0,0,0,0,NEUTRAL,1410682,12,896,919,0.10708427429199219,0.05023437738418579,0.030757427215576172,0.03219670057296753,0.008230656385421753
0,0,1,0,0,ADR[1],828011,2,79,272,0.09191158413887024,0.06841352581977844,0.9405288696289062,0.08235734701156616,0.06357821822166443
0,0,0,0,0,NEUTRAL,828011,3,273,314,0.12924811244010925,0.02129325270652771,0.02486935257911682,0.20923078060150146,0.00479397177696228
0,0,0,1,0,DI[1],2670520,3,199,294,0.07817986607551575,0.04695287346839905,0.02361658215522766,0.9468078017234802,0.013998150825500488
0,0,0,1,0,DI[3],2670520,6,493,642,0.2703220844268799,0.023605704307556152,0.3430543541908264,0.40546077489852905,0.005170077085494995
1,0,0,1,0,EF[2]|DI[4],2670520,8,689,727,0.5245519876480103,0.14289119839668274,0.04895657300949097,0.9835388660430908,0.04950067400932312
0,0,0,0,0,NEUTRAL,2670520,5,362,492,0.094288170337677,0.03275322914123535,0.46908560395240784,0.019975125789642334,0.015342533588409424
0,0,1,0,0,ADR[1],2388814,2,58,140,0.08033967018127441,0.05708542466163635,0.9234552383422852,0.08809557557106018,0.048751384019851685
0,0,1,0,0,ADR[2],2388814,5,214,251,0.09336468577384949,0.056056976318359375,0.9237643480300903,0.06734707951545715,0.05523303151130676
0,0,0,0,0,NEUTRAL,2388814,3,141,186,0.1591702103614807,0.31948360800743103,0.016975611448287964,0.03725838661193848,0.012303590774536133
1,0,0,0,0,EF[1],2732826,6,363,424,0.7772241830825806,0.16324341297149658,0.061380088329315186,0.1904054582118988,0.03110295534133911
0,0,0,0,0,NEUTRAL,2732826,3,78,147,0.13973847031593323,0.05632337927818298,0.02718484401702881,0.02736043930053711,0.009341567754745483
0,0,1,1,0,ADR[3]|DI[1],2800633,4,283,434,0.4118058383464813,0.5936208367347717,0.11606797575950623,0.9747737050056458,0.04212275147438049
0,0,1,0,0,ADR[2],2800633,5,435,865,0.33772116899490356,0.08521318435668945,0.8285077810287476,0.14108282327651978,0.019618242979049683
0,0,0,0,0,NEUTRAL,2800633,3,176,282,0.06475779414176941,0.033168911933898926,0.023471176624298096,0.18809416890144348,0.004684358835220337
0,0,0,1,0,DI[2],2492997,1,0,65,0.18865430355072021,0.08283868432044983,0.03144717216491699,0.9801822900772095,0.01604214310646057
1,1,0,1,0,INF[4]|EF[3]|DI[1],2492997,3,177,708,0.2638992965221405,0.17173779010772705,0.023391634225845337,0.9617149829864502,0.016666322946548462
0,0,0,0,0,NEUTRAL,2492997,2,66,176,0.08874952793121338,0.029642820358276367,0.024257361888885498,0.08779123425483704,0.0053122639656066895
0,0,0,1,0,DI[4],2433935,1,0,117,0.13730409741401672,0.05896809697151184,0.025184839963912964,0.9725152254104614,0.017460107803344727
0,1,0,0,0,INF[5],2433935,3,260,338,0.09569621086120605,0.25537240505218506,0.020587235689163208,0.029399484395980835,0.012207448482513428
0,1,0,1,0,INF[1]|DI[6],2433935,4,339,437,0.3775644898414612,0.8313764333724976,0.14902815222740173,0.9391732215881348,0.06407120823860168
0,0,0,1,0,DI[3],2433935,8,622,728,0.1463848352432251,0.040013909339904785,0.0683855414390564,0.9548376798629761,0.007217496633529663
0,1,0,0,0,INF[2],2433935,9,729,790,0.11679118871688843,0.9052019715309143,0.04940333962440491,0.09221190214157104,0.055422693490982056
0,0,0,0,0,NEUTRAL,2433935,10,791,858,0.26508021354675293,0.03901892900466919,0.042276352643966675,0.027053028345108032,0.01171758770942688
0,0,0,1,0,DI[7],826379,2,57,91,0.15489572286605835,0.041954100131988525,0.06949228048324585,0.9517784118652344,0.006706207990646362
1,0,1,0,0,EF[5]|ADR[8],826379,7,252,334,0.10467931628227234,0.06154176592826843,0.9369462132453918,0.10841739177703857,0.04841411113739014
0,0,1,0,0,ADR[1],826379,8,335,374,0.07129943370819092,0.04402109980583191,0.8374519348144531,0.04196998476982117,0.0350472629070282
0,0,0,1,0,DI[4],826379,13,524,557,0.08374488353729248,0.0436040461063385,0.8799453973770142,0.054678380489349365,0.034762799739837646
0,0,1,0,0,ADR[6],826379,15,645,706,0.10902214050292969,0.019987553358078003,0.03659588098526001,0.807847261428833,0.004291802644729614
0,0,0,0,0,NEUTRAL,826379,3,92,125,0.0637161135673523,0.03646215796470642,0.01803058385848999,0.8457663059234619,0.009021669626235962
0,0,0,1,0,DI[1],2540685,1,0,119,0.1163378357887268,0.06548509001731873,0.02963387966156006,0.9727863073348999,0.01984405517578125
1,0,0,0,0,EF[3],2540685,2,120,217,0.5694753527641296,0.09983709454536438,0.04929119348526001,0.968472957611084,0.04539918899536133
0,0,0,1,0,DI[2],2540685,5,281,350,0.10716137290000916,0.05999690294265747,0.03319975733757019,0.9738839864730835,0.02071276307106018
0,0,0,0,0,NEUTRAL,2540685,8,552,619,0.08178240060806274,0.053808748722076416,0.027566343545913696,0.03946495056152344,0.007639080286026001
0,0,0,1,0,DI[4],1133905,2,110,169,0.3179361820220947,0.06205585598945618,0.03691363334655762,0.961646318435669,0.012932121753692627
0,0,1,0,0,ADR[2],1133905,4,237,381,0.1887362003326416,0.06489458680152893,0.03366154432296753,0.978469967842102,0.013618379831314087
0,0,1,0,0,ADR[3],1133905,5,382,544,0.15110376477241516,0.08364000916481018,0.9444446563720703,0.25152790546417236,0.043235570192337036
0,0,1,0,0,ADR[1],1133905,6,545,576,0.2871626615524292,0.0286443829536438,0.06847772002220154,0.8392939567565918,0.0049242377281188965
0,0,0,0,0,NEUTRAL,1133905,7,577,656,0.20206665992736816,0.46839991211891174,0.026055872440338135,0.022604554891586304,0.01698172092437744
1,0,0,1,0,EF[2]|DI[3],2402827,2,48,144,0.43203309178352356,0.6574251055717468,0.049891918897628784,0.9588080644607544,0.04965686798095703
0,0,0,1,0,DI[1],2402827,3,145,186,0.11141857504844666,0.0587766170501709,0.02735164761543274,0.970801830291748,0.01935964822769165
1,0,0,0,0,EF[4],2402827,7,401,446,0.35226523876190186,0.3911081552505493,0.02390196919441223,0.03372126817703247,0.018247246742248535
0,0,0,0,0,NEUTRAL,2402827,1,0,47,0.06802994012832642,0.03714790940284729,0.02793365716934204,0.07133862376213074,0.005942106246948242
0,0,1,0,0,ADR[1],1417439,3,85,202,0.13411393761634827,0.0519690215587616,0.868256688117981,0.4897395968437195,0.017984360456466675
0,0,1,0,0,ADR[2],1417439,4,203,303,0.16321328282356262,0.11731892824172974,0.9409502744674683,0.44174349308013916,0.05268612504005432
0,0,0,1,0,DI[3],1417439,7,375,551,0.23156040906906128,0.22237184643745422,0.019330531358718872,0.9475167989730835,0.012871623039245605
0,0,0,0,0,NEUTRAL,1417439,1,0,65,0.6024657487869263,0.07662945985794067,0.04893249273300171,0.05394133925437927,0.022762387990951538
0,1,0,0,0,INF[3],2729929,5,341,401,0.07810792326927185,0.8871947526931763,0.05473783612251282,0.11061045527458191,0.05893036723136902
0,1,0,1,0,INF[2]|DI[4]|Finding[5],2729929,6,402,472,0.4380749762058258,0.8466731309890747,0.5003064274787903,0.8718264698982239,0.12226074934005737
0,1,0,0,0,INF[1],2729929,7,473,546,0.28806138038635254,0.03841617703437805,0.03236469626426697,0.14677506685256958,0.004500329494476318
0,0,0,0,0,NEUTRAL,2729929,1,0,123,0.06197941303253174,0.027767926454544067,0.020045995712280273,0.7068948149681091,0.006531804800033569
0,1,1,0,0,INF[1]|ADR[2],807762,1,0,125,0.5914323329925537,0.07122662663459778,0.6173810362815857,0.6649406552314758,0.0178261399269104
0,0,0,0,0,NEUTRAL,807762,2,126,160,0.12132689356803894,0.020023971796035767,0.04012894630432129,0.09576025605201721,0.0050109922885894775
0,0,0,1,0,DI[1],1033114,1,0,96,0.14261576533317566,0.043081820011138916,0.022037863731384277,0.9556928277015686,0.012845158576965332
0,0,1,0,0,ADR[5],1033114,10,656,732,0.08806312084197998,0.06928399205207825,0.9347246885299683,0.07762053608894348,0.05743923783302307
0,0,1,0,0,ADR[4],1033114,13,818,865,0.18267565965652466,0.04936841130256653,0.04409259557723999,0.9622318148612976,0.0077242255210876465
0,0,0,0,0,NEUTRAL,1033114,5,343,366,0.1847408413887024,0.020253151655197144,0.029111117124557495,0.21066683530807495,0.0044516026973724365
0,0,0,1,0,DI[6],619561,1,0,80,0.09693893790245056,0.03553885221481323,0.02969127893447876,0.9320088028907776,0.007326066493988037
0,0,0,1,0,DI[5],619561,2,81,120,0.24881932139396667,0.0285642147064209,0.6299484968185425,0.5477325916290283,0.010279059410095215
0,0,0,1,0,DI[3],619561,3,121,186,0.07486912608146667,0.033412009477615356,0.01924675703048706,0.8092411756515503,0.005734562873840332
0,0,0,1,0,DI[2],619561,4,187,233,0.09988489747047424,0.03926101326942444,0.028757601976394653,0.04669278860092163,0.0065344274044036865
1,0,0,0,0,EF[8],619561,7,376,407,0.5026057958602905,0.17088866233825684,0.027524888515472412,0.04054135084152222,0.019792616367340088
1,0,0,1,0,EF[4]|DI[1],619561,8,408,500,0.6408592462539673,0.08719608187675476,0.24372616410255432,0.6970939040184021,0.011584252119064331
1,0,0,0,0,EF[9],619561,9,501,604,0.1724499762058258,0.4801090955734253,0.02902969717979431,0.021975457668304443,0.01579916477203369
0,0,0,0,0,NEUTRAL,619561,5,234,281,0.08485355973243713,0.04317697882652283,0.032554030418395996,0.03769978880882263,0.007273256778717041
0,0,0,1,0,DI[3],2397151,2,13,61,0.07868000864982605,0.04625934362411499,0.02239122986793518,0.9393932223320007,0.014572381973266602
0,0,0,1,0,DI[1],2397151,4,155,213,0.19727811217308044,0.022263169288635254,0.0872175395488739,0.8168888092041016,0.0039059817790985107
0,0,0,1,0,DI[2],2397151,5,214,305,0.5104331374168396,0.5427632331848145,0.43302637338638306,0.812578558921814,0.03171226382255554
0,0,0,0,0,NEUTRAL,2397151,12,736,821,0.12821322679519653,0.9035197496414185,0.06960746645927429,0.07246017456054688,0.050371378660202026
0,0,0,1,0,DI[1],2419250,1,0,56,0.10609984397888184,0.06533300876617432,0.03227761387825012,0.9731806516647339,0.024091213941574097
0,0,0,1,0,DI[3],2419250,2,57,158,0.09383413195610046,0.21295663714408875,0.025054454803466797,0.964781641960144,0.0219593346118927
0,1,0,1,0,INF[6]|DI[4],2419250,4,287,427,0.21537578105926514,0.736251950263977,0.053238511085510254,0.8186577558517456,0.022990792989730835
0,0,1,0,0,ADR[2],2419250,5,428,531,0.07497909665107727,0.05021160840988159,0.8754507303237915,0.04503089189529419,0.04185909032821655
0,1,0,0,0,INF[5],2419250,6,532,654,0.1717049479484558,0.8690795302391052,0.04129636287689209,0.04638594388961792,0.04736518859863281
0,0,0,0,0,NEUTRAL,2419250,3,159,286,0.09401658177375793,0.05081138014793396,0.04099944233894348,0.02797451615333557,0.006987839937210083
0,1,0,0,0,INF[3],824781,3,50,144,0.05934268236160278,0.5331238508224487,0.029544711112976074,0.0706540048122406,0.0157032310962677
0,0,0,1,0,DI[2],824781,5,187,346,0.13924163579940796,0.04506891965866089,0.03042098879814148,0.05756509304046631,0.0053633153438568115
0,1,0,0,0,INF[1],824781,8,582,663,0.21768537163734436,0.7570102214813232,0.0287550687789917,0.09716171026229858,0.018221348524093628
0,0,0,0,0,NEUTRAL,824781,9,664,693,0.08050578832626343,0.03308871388435364,0.037939250469207764,0.053442031145095825,0.006100445985794067
0,0,0,1,0,DI[3]|Finding[4],2501951,2,23,241,0.10822924971580505,0.03501465916633606,0.02764102816581726,0.9432562589645386,0.008570075035095215
0,1,0,1,0,INF[1]|DI[5],2501951,3,242,332,0.31975990533828735,0.8454663753509521,0.41718778014183044,0.6598463654518127,0.05240929126739502
0,1,0,0,0,INF[2],2501951,6,506,633,0.10354247689247131,0.8928974270820618,0.05082142353057861,0.07689359784126282,0.053512752056121826
0,0,0,0,0,NEUTRAL,2501951,5,433,505,0.08541622757911682,0.02170124650001526,0.026719272136688232,0.7455134987831116,0.005382657051086426
0,0,0,1,0,DI[9],2177673,1,0,72,0.1381385326385498,0.01707562804222107,0.08727249503135681,0.6743639707565308,0.003495514392852783
0,0,0,1,0,DI[6],2177673,2,73,159,0.15275982022285461,0.02228716015815735,0.39189961552619934,0.49669530987739563,0.004340469837188721
0,0,0,1,0,DI[3]|Finding[2],2177673,3,160,296,0.37811964750289917,0.12720921635627747,0.3589012622833252,0.9575468897819519,0.016792476177215576
0,0,0,1,0,DI[4],2177673,4,297,378,0.10200679302215576,0.04149824380874634,0.8229155540466309,0.04393306374549866,0.024373888969421387
0,0,0,1,0,DI[8],2177673,5,379,471,0.7789230346679688,0.12416577339172363,0.1456170380115509,0.9386345148086548,0.048300862312316895
1,0,1,0,0,EF[7]|ADR[5],2177673,6,472,575,0.109677255153656,0.061011046171188354,0.9370726346969604,0.09676262736320496,0.044877201318740845
0,0,1,0,0,ADR[1],2177673,7,576,638,0.3041655421257019,0.040907859802246094,0.10459375381469727,0.018237650394439697,0.013675153255462646
0,0,1,0,0,ADR[10],2177673,9,679,741,0.5913639068603516,0.06255596876144409,0.20156005024909973,0.7126010656356812,0.010100454092025757
0,0,1,0,0,ADR[11],2177673,10,742,817,0.4795536994934082,0.036275386810302734,0.21394607424736023,0.07012736797332764,0.01417502760887146
0,0,0,0,0,NEUTRAL,2177673,8,639,678,0.14232534170150757,0.04762282967567444,0.03119868040084839,0.028786689043045044,0.008505135774612427
0,0,0,1,0,DI[4],2984622,1,0,136,0.09293884038925171,0.05799943208694458,0.02145823836326599,0.9585237503051758,0.01642906665802002
0,0,1,0,0,ADR[2],2984622,2,137,232,0.07941681146621704,0.059724390506744385,0.9178972244262695,0.061411112546920776,0.0543096661567688
0,0,1,1,0,ADR[1]|DI[3]|Finding[5],2984622,3,233,366,0.5557355284690857,0.317206472158432,0.6557278037071228,0.9042645692825317,0.05296239256858826
0,0,0,0,0,NEUTRAL,2984622,4,367,407,0.08050736784934998,0.740274965763092,0.06952720880508423,0.0380115807056427,0.0284193754196167
0,0,0,1,0,DI[4],636267,2,66,124,0.2736821174621582,0.08267802000045776,0.03482052683830261,0.9835994839668274,0.023933351039886475
0,0,0,1,0,DI[2],636267,7,560,686,0.3582736551761627,0.10835707187652588,0.03233286738395691,0.9801910519599915,0.02377486228942871
0,0,1,0,0,ADR[1],636267,9,780,836,0.48023721575737,0.03281259536743164,0.16853949427604675,0.81686931848526,0.009499907493591309
0,0,0,1,0,DI[3],636267,11,891,947,0.09700006246566772,0.045325130224227905,0.027644455432891846,0.9575268030166626,0.011937350034713745
0,0,0,0,0,NEUTRAL,636267,12,948,974,0.6042547821998596,0.052822262048721313,0.04947599768638611,0.06546732783317566,0.025662481784820557
0,0,1,0,0,ADR[2],618939,6,199,268,0.20618340373039246,0.05722743272781372,0.6474696397781372,0.8316644430160522,0.011617600917816162
1,0,1,0,0,EF[3]|ADR[1],618939,9,320,376,0.6384866237640381,0.13451334834098816,0.04954478144645691,0.9463026523590088,0.04442518949508667
0,0,0,0,0,NEUTRAL,618939,12,446,554,0.08572977781295776,0.06445711851119995,0.8984593152999878,0.07455956935882568,0.03230160474777222
0,1,0,0,0,INF[1],656330,12,617,661,0.46748822927474976,0.07524389028549194,0.03337773680686951,0.03879848122596741,0.01650702953338623
0,0,0,0,0,NEUTRAL,656330,5,310,365,0.30228391289711,0.0384460985660553,0.03965437412261963,0.6168637871742249,0.004921942949295044
0,0,0,1,0,DI[1],811512,1,0,18,0.07320499420166016,0.0484829843044281,0.02128782868385315,0.9304040670394897,0.013242602348327637
0,0,0,1,0,DI[3],811512,2,19,136,0.11534503102302551,0.05843368172645569,0.027166008949279785,0.9714450836181641,0.01642829179763794
0,0,0,1,0,DI[4],811512,4,175,318,0.19656780362129211,0.07337608933448792,0.0411449670791626,0.9667611718177795,0.00843203067779541
0,0,0,1,0,DI[5],811512,5,319,421,0.2458009421825409,0.09244272112846375,0.06758755445480347,0.016028791666030884,0.010861694812774658
0,0,1,0,0,ADR[2],811512,7,562,647,0.1687009632587433,0.03136724233627319,0.09699639678001404,0.07424327731132507,0.004237532615661621
0,0,1,0,0,ADR[6],811512,8,648,707,0.21815118193626404,0.11580058932304382,0.9512767791748047,0.12098711729049683,0.07225531339645386
0,0,0,0,0,NEUTRAL,811512,3,137,174,0.0873858630657196,0.01885354518890381,0.16293826699256897,0.18908792734146118,0.004417240619659424
0,0,0,1,0,DI[1],894083,1,0,206,0.09456491470336914,0.05170813202857971,0.025368601083755493,0.9636344909667969,0.016959577798843384
0,0,0,1,0,DI[3],894083,2,207,329,0.13402503728866577,0.02918452024459839,0.0560297966003418,0.9397051930427551,0.006428778171539307
1,0,0,0,0,EF[2],894083,6,616,649,0.2977355718612671,0.11336851119995117,0.05379456281661987,0.024170130491256714,0.012489736080169678
0,0,0,0,0,NEUTRAL,894083,4,429,483,0.09527748823165894,0.040982186794281006,0.03522294759750366,0.03370553255081177,0.00749129056930542
0,0,1,0,0,ADR[2],211588,1,0,164,0.10582378506660461,0.04632249474525452,0.9087669849395752,0.1452200710773468,0.02871611714363098
0,0,1,0,0,ADR[3],211588,2,165,222,0.12030535936355591,0.06574299931526184,0.9423106908798218,0.10105642676353455,0.05268636345863342
0,0,1,0,0,ADR[1],211588,3,223,292,0.3438107967376709,0.06804898381233215,0.7918456196784973,0.36177581548690796,0.014909476041793823
0,0,0,0,0,NEUTRAL,211588,7,438,481,0.29013386368751526,0.053707897663116455,0.03974303603172302,0.0256955623626709,0.011140584945678711
0,0,0,1,0,DI[3]|Finding[4],3022901,2,141,258,0.11002522706985474,0.06893691420555115,0.029123663902282715,0.9734565615653992,0.020451456308364868
0,0,1,0,0,ADR[5]|Finding[1],3022901,3,259,365,0.1688063144683838,0.05749031901359558,0.07419449090957642,0.9635388851165771,0.007024616003036499
0,0,1,0,0,ADR[2],3022901,4,366,489,0.3673672080039978,0.1670190989971161,0.7986677885055542,0.17430421710014343,0.016124218702316284
0,0,0,0,0,NEUTRAL,3022901,6,565,623,0.2687503695487976,0.10815176367759705,0.02598518133163452,0.021563410758972168,0.015159159898757935
1,0,0,0,0,EF[1],6993980,13,849,865,0.711009681224823,0.05673009157180786,0.07591542601585388,0.09423965215682983,0.0392913818359375
0,0,0,0,0,NEUTRAL,6993980,5,257,404,0.09797841310501099,0.09598812460899353,0.026354581117630005,0.028833717107772827,0.008570849895477295
0,0,0,1,0,DI[1],2394715,1,0,154,0.08727005124092102,0.0371168851852417,0.029272407293319702,0.05664318799972534,0.005835384130477905
0,0,1,0,0,ADR[4],2394715,8,602,756,0.20744559168815613,0.064808189868927,0.8326039910316467,0.5479302406311035,0.015049368143081665
0,0,0,0,0,NEUTRAL,2394715,4,353,360,0.08584806323051453,0.040205150842666626,0.029183954000473022,0.05753639340400696,0.00743064284324646
0,0,1,0,0,ADR[1],2389422,7,460,545,0.29869264364242554,0.09045544266700745,0.05074682831764221,0.9508283138275146,0.006941318511962891
0,1,0,0,0,INF[2],2389422,9,601,769,0.09855672717094421,0.08892855048179626,0.021835237741470337,0.04319107532501221,0.006188899278640747
0,0,0,0,0,NEUTRAL,2389422,2,84,125,0.5815215110778809,0.06142130494117737,0.05052018165588379,0.05063173174858093,0.02562391757965088
0,0,1,1,0,ADR[1]|DI[2],241201,2,73,171,0.21557289361953735,0.0673045814037323,0.020558804273605347,0.9663388729095459,0.014630258083343506
0,0,0,0,0,NEUTRAL,241201,3,172,190,0.09908747673034668,0.01850181818008423,0.06636485457420349,0.16324353218078613,0.003996700048446655
0,0,1,0,0,ADR[1],2528491,5,329,418,0.1676192581653595,0.029041320085525513,0.06242823600769043,0.03304022550582886,0.006865650415420532
0,0,1,0,0,ADR[3],2528491,6,419,496,0.13913586735725403,0.034380197525024414,0.47895780205726624,0.023468613624572754,0.014665186405181885
0,0,1,0,0,ADR[2],2528491,7,497,638,0.259662389755249,0.04585057497024536,0.05167710781097412,0.9542851448059082,0.007340759038925171
0,0,0,0,0,NEUTRAL,2528491,1,0,65,0.07634961605072021,0.04071727395057678,0.030906587839126587,0.04963260889053345,0.006630033254623413
0,0,1,0,0,ADR[5],2461263,1,0,90,0.5896317958831787,0.1307593286037445,0.2522880434989929,0.9615195989608765,0.023049592971801758
0,1,0,0,0,INF[4],2461263,2,91,116,0.07615500688552856,0.08074861764907837,0.038642436265945435,0.030682295560836792,0.008460789918899536
0,0,1,0,0,ADR[2],2461263,3,117,165,0.13799893856048584,0.04435017704963684,0.9066200852394104,0.223829448223114,0.02472209930419922
0,1,1,0,0,INF[3]|ADR[1],2461263,5,198,265,0.12679213285446167,0.05234652757644653,0.887950599193573,0.04041260480880737,0.045735299587249756
0,0,0,0,0,NEUTRAL,2461263,4,166,197,0.5086879134178162,0.11237585544586182,0.036403268575668335,0.03477567434310913,0.02201688289642334
0,0,0,1,0,DI[6]|Finding[9],1484511,1,0,194,0.139754980802536,0.0581318736076355,0.02478182315826416,0.9717777967453003,0.01552996039390564
0,1,0,1,0,INF[1]|DI[2],1484511,2,195,271,0.1389218270778656,0.9284119606018066,0.09039607644081116,0.6623959541320801,0.078349769115448
0,0,1,0,0,ADR[8],1484511,5,606,772,0.08097872138023376,0.06971359252929688,0.9269338250160217,0.11038807034492493,0.0435653030872345
0,0,0,1,0,DI[7],1484511,6,773,840,0.10396260023117065,0.057956576347351074,0.02638295292854309,0.9694589376449585,0.020924538373947144
0,1,0,0,0,INF[5],1484511,8,872,908,0.0605180561542511,0.09944134950637817,0.032548099756240845,0.04873672127723694,0.006864666938781738
0,0,0,0,0,NEUTRAL,1484511,4,456,605,0.10596200823783875,0.07915139198303223,0.9371922612190247,0.2156769037246704,0.042824894189834595
1,0,0,0,0,EF[2],2396436,4,295,464,0.7694851756095886,0.13154959678649902,0.0751289427280426,0.09026217460632324,0.028803616762161255
1,0,0,0,0,EF[1],2396436,5,465,546,0.6147817969322205,0.06833165884017944,0.052824437618255615,0.053166478872299194,0.026076853275299072
0,0,0,0,0,NEUTRAL,2396436,1,0,69,0.0681304931640625,0.026707053184509277,0.028575092554092407,0.2782247066497803,0.003758370876312256
0,1,0,1,0,INF[1]|DI[5],805646,1,0,164,0.33388257026672363,0.09463357925415039,0.07176342606544495,0.9828505516052246,0.017085343599319458
0,0,0,1,0,DI[4],805646,2,165,249,0.08506762981414795,0.06300133466720581,0.9324334859848022,0.11411282420158386,0.0514790415763855
0,0,0,1,0,DI[3],805646,6,360,399,0.11215528845787048,0.047120869159698486,0.027558565139770508,0.9654144048690796,0.01596406102180481
0,0,0,0,0,NEUTRAL,805646,5,336,359,0.09202292561531067,0.03054642677307129,0.0389481782913208,0.04759860038757324,0.006454676389694214
0,0,1,0,0,ADR[4],942872,9,446,514,0.24712717533111572,0.08945077657699585,0.031785428524017334,0.9798781275749207,0.019291400909423828
1,0,1,0,0,EF[2]|ADR[1]|Finding[3],942872,10,515,672,0.6732101440429688,0.5275471806526184,0.23699623346328735,0.948544979095459,0.05950918793678284
0,0,0,0,0,NEUTRAL,942872,6,275,330,0.09287479519844055,0.06921866536140442,0.04956459999084473,0.021480828523635864,0.008802413940429688
1,0,0,0,0,EF[2],3004353,1,0,46,0.17682728171348572,0.027845919132232666,0.08202391862869263,0.03084549307823181,0.007093518972396851
0,0,1,0,0,ADR[1],3004353,2,47,121,0.5043510794639587,0.14810135960578918,0.7560030221939087,0.7700246572494507,0.02578204870223999
0,0,0,0,0,NEUTRAL,3004353,4,153,168,0.07399973273277283,0.0296308696269989,0.07351166009902954,0.04568329453468323,0.005569905042648315
0,0,0,1,0,DI[3],2706058,1,0,87,0.10458758473396301,0.06193119287490845,0.03142276406288147,0.9710240364074707,0.01877272129058838
0,0,0,1,0,DI[4],2706058,2,88,159,0.11147233843803406,0.03226429224014282,0.026697218418121338,0.9367882609367371,0.009950399398803711
0,0,1,0,0,ADR[5],2706058,4,198,285,0.11588042974472046,0.0244903564453125,0.6957671046257019,0.0784890353679657,0.010082751512527466
0,0,1,0,0,ADR[1],2706058,5,286,347,0.11538264155387878,0.057145774364471436,0.9320155382156372,0.19506752490997314,0.036997824907302856
0,1,0,0,0,INF[2],2706058,7,370,438,0.1293325126171112,0.9003591537475586,0.08692938089370728,0.05949375033378601,0.05395549535751343
0,0,0,0,0,NEUTRAL,2706058,3,160,197,0.08376491069793701,0.039724111557006836,0.02337011694908142,0.0641951858997345,0.006569027900695801
0,0,0,1,0,DI[3],1105026,2,34,141,0.07563677430152893,0.03109702467918396,0.022592514753341675,0.10564720630645752,0.0056104958057403564
0,0,1,0,0,ADR[2],1105026,3,142,262,0.2890031337738037,0.0475010871887207,0.23638367652893066,0.928398609161377,0.00739249587059021
0,0,1,0,0,ADR[1],1105026,7,573,703,0.356952965259552,0.06667089462280273,0.06069624423980713,0.024827688932418823,0.012535899877548218
0,0,0,0,0,NEUTRAL,1105026,6,478,572,0.07355225086212158,0.05098050832748413,0.022028952836990356,0.06614205241203308,0.006155341863632202
0,1,0,0,0,INF[2],2380047,13,754,810,0.08458200097084045,0.8987420797348022,0.05475425720214844,0.12077274918556213,0.06533068418502808
1,0,0,0,0,EF[1],2380047,14,811,892,0.48785167932510376,0.11169061064720154,0.04886281490325928,0.9156481623649597,0.021083712577819824
0,1,0,0,0,INF[3],2380047,15,893,926,0.09503710269927979,0.04453280568122864,0.032087862491607666,0.03493860363960266,0.007851481437683105
0,0,0,0,0,NEUTRAL,2380047,9,614,645,0.30147096514701843,0.036624401807785034,0.056528329849243164,0.035190969705581665,0.01223042607307434
1,0,1,1,0,EF[2]|ADR[4]|DI[5],2550809,2,54,230,0.17217665910720825,0.09382137656211853,0.9573755264282227,0.2850528657436371,0.06328240036964417
0,0,1,0,0,ADR[6],2550809,3,231,370,0.07953372597694397,0.058173149824142456,0.9193345904350281,0.07332912087440491,0.051828593015670776
0,0,1,0,0,ADR[1],2550809,5,484,571,0.07867586612701416,0.0804840624332428,0.8768843412399292,0.0487019419670105,0.0430179238319397
0,0,1,0,0,ADR[3],2550809,7,673,733,0.06743907928466797,0.04922974109649658,0.8449639081954956,0.04558339715003967,0.03649166226387024
0,0,1,0,0,ADR[7],2550809,8,734,824,0.06700348854064941,0.028659403324127197,0.6810856461524963,0.06396913528442383,0.013344258069992065
0,0,0,0,0,NEUTRAL,2550809,1,0,53,0.08975726366043091,0.033356308937072754,0.02611488103866577,0.07533633708953857,0.005302906036376953
0,0,0,1,0,DI[12],4453482,1,0,178,0.08445295691490173,0.05447569489479065,0.025809675455093384,0.9592709541320801,0.017589271068572998
1,0,0,1,0,EF[11]|DI[1],4453482,2,179,352,0.23120293021202087,0.14016780257225037,0.027652114629745483,0.982772707939148,0.024884343147277832
1,0,0,0,0,EF[9],4453482,6,726,836,0.3846026659011841,0.07020992040634155,0.0280284583568573,0.03425192832946777,0.013880252838134766
1,0,0,0,0,EF[10],4453482,11,1181,1294,0.8400514125823975,0.13343104720115662,0.11415383219718933,0.14057236909866333,0.05148720741271973
1,0,0,0,0,EF[5],4453482,12,1295,1406,0.7932076454162598,0.24602845311164856,0.08369135856628418,0.08790576457977295,0.04160758852958679
1,0,0,1,0,EF[3]|DI[8]|Finding[4],4453482,13,1407,1610,0.16839751601219177,0.06027942895889282,0.02495366334915161,0.9758071303367615,0.021179497241973877
0,1,0,1,0,INF[6]|DI[7],4453482,14,1611,1716,0.1823926866054535,0.39727282524108887,0.032375603914260864,0.9743887186050415,0.03323844075202942
1,0,0,0,0,EF[2],4453482,18,1863,1931,0.6068427562713623,0.08049583435058594,0.041183412075042725,0.04882243275642395,0.02797582745552063
0,0,0,0,0,NEUTRAL,4453482,10,1077,1180,0.11386808753013611,0.038742274045944214,0.02583751082420349,0.06494140625,0.005784839391708374
0,0,0,1,0,DI[2],2438938,6,369,481,0.11717873811721802,0.08163690567016602,0.02575436234474182,0.9741542339324951,0.018726259469985962
1,0,0,0,0,EF[3],2438938,7,482,547,0.6867399215698242,0.11222174763679504,0.04528084397315979,0.062157630920410156,0.03420129418373108
1,0,0,0,0,EF[1],2438938,8,548,588,0.7242026925086975,0.08698728680610657,0.06159752607345581,0.0842791199684143,0.03439638018608093
0,0,0,0,0,NEUTRAL,2438938,1,0,128,0.0722915530204773,0.023327559232711792,0.028253674507141113,0.29994237422943115,0.0038559436798095703
0,0,0,1,0,DI[5],2436121,1,0,54,0.1024923026561737,0.05885040760040283,0.030392885208129883,0.970677375793457,0.020633429288864136
0,0,0,1,0,DI[1]|Finding[6],2436121,3,107,275,0.1387057602405548,0.04285791516304016,0.5869893431663513,0.8140708208084106,0.008396834135055542
0,0,1,0,0,ADR[4],2436121,4,276,422,0.6599953174591064,0.09406721591949463,0.06971848011016846,0.04550167918205261,0.021631628274917603
1,0,0,1,0,EF[7]|DI[2],2436121,6,490,590,0.5866341590881348,0.12228375673294067,0.0966123640537262,0.9810252785682678,0.04237103462219238
0,0,1,0,0,ADR[3],2436121,7,591,689,0.362468957901001,0.03373819589614868,0.18712323904037476,0.02462691068649292,0.014199972152709961
0,0,0,0,0,NEUTRAL,2436121,5,423,489,0.09035038948059082,0.1626185178756714,0.026160240173339844,0.02564719319343567,0.01076430082321167
0,0,0,1,0,DI[1],3263317,7,383,503,0.2239076793193817,0.08407622575759888,0.06257551908493042,0.9804292917251587,0.014822214841842651
1,0,0,0,0,EF[4],3263317,14,1024,1121,0.7829341888427734,0.0912579596042633,0.08845764398574829,0.07689768075942993,0.045722007751464844
0,0,0,1,0,DI[5],3263317,15,1122,1162,0.28349196910858154,0.05700698494911194,0.04271385073661804,0.9600520133972168,0.01212465763092041
0,0,0,1,0,DI[6],3263317,17,1261,1314,0.32105910778045654,0.09517508745193481,0.04394260048866272,0.9831547141075134,0.02306303381919861
0,0,0,1,0,DI[2],3263317,18,1315,1393,0.1723109483718872,0.03508806228637695,0.638450026512146,0.7479265928268433,0.00966876745223999
1,0,0,0,0,EF[3],3263317,19,1394,1508,0.622133195400238,0.14657551050186157,0.04600217938423157,0.031941771507263184,0.029540807008743286
0,0,0,0,0,NEUTRAL,3263317,12,795,904,0.11606499552726746,0.04248780012130737,0.04384073615074158,0.026532024145126343,0.0076812803745269775
0,0,0,1,0,DI[4],641480,2,29,94,0.1030278205871582,0.04568201303482056,0.02347463369369507,0.9578452110290527,0.015060722827911377
1,0,0,1,0,EF[2]|DI[1],641480,5,203,274,0.13707411289215088,0.0654154121875763,0.030073851346969604,0.9783220291137695,0.020974963903427124
1,0,0,0,0,EF[3],641480,11,557,638,0.3896116018295288,0.07486283779144287,0.03461518883705139,0.03702029585838318,0.012038558721542358
0,0,0,1,0,DI[5],641480,12,639,781,0.11187532544136047,0.07299503684043884,0.01928076148033142,0.938283383846283,0.008931010961532593
0,0,0,0,0,NEUTRAL,641480,8,417,455,0.09208446741104126,0.04084613919258118,0.03777879476547241,0.04133191704750061,0.006398916244506836
0,1,0,1,0,INF[1]|DI[2],2662704,2,45,128,0.09214985370635986,0.6804283261299133,0.0317169725894928,0.893492579460144,0.0436672568321228
0,0,0,1,0,DI[3],2662704,3,129,205,0.06447497010231018,0.04503253102302551,0.017169922590255737,0.8723849058151245,0.009906023740768433
0,0,0,0,0,NEUTRAL,2662704,1,0,44,0.07867279648780823,0.042989104986190796,0.030928373336791992,0.044972360134124756,0.0069432854652404785
0,0,0,1,0,DI[3],880567,2,101,207,0.1954955756664276,0.058640092611312866,0.09480345249176025,0.9369783401489258,0.004724830389022827
0,0,0,1,0,DI[2],880567,3,208,440,0.3720136284828186,0.23080676794052124,0.7720328569412231,0.6990083456039429,0.02092406153678894
1,0,0,1,0,EF[4]|DI[1],880567,6,824,990,0.6772637367248535,0.6234197020530701,0.32268601655960083,0.7268781661987305,0.03707590699195862
0,0,0,0,0,NEUTRAL,880567,5,579,823,0.27160993218421936,0.1968013048171997,0.5761380791664124,0.038493841886520386,0.015350013971328735
1,1,0,0,0,EF[1]|INF[2],2447728,2,49,120,0.7928388118743896,0.14565187692642212,0.1651427447795868,0.05594301223754883,0.04324445128440857
0,0,0,0,0,NEUTRAL,2447728,1,0,48,0.09509935975074768,0.7106863260269165,0.039976030588150024,0.035022854804992676,0.0332527756690979
0,0,0,1,0,DI[3],2538754,1,0,73,0.41137707233428955,0.1654299795627594,0.07707855105400085,0.9832243919372559,0.023943603038787842
1,0,1,1,0,EF[1]|ADR[5]|DI[4],2538754,4,193,314,0.10315415263175964,0.07076781988143921,0.9432721138000488,0.08630871772766113,0.05977204442024231
1,0,0,0,0,EF[2],2538754,5,315,421,0.2898273468017578,0.14870333671569824,0.0396094024181366,0.08367189764976501,0.0067573487758636475
0,0,0,0,0,NEUTRAL,2538754,2,74,111,0.07968321442604065,0.10371896624565125,0.02346891164779663,0.048111021518707275,0.006463795900344849
0,0,1,0,0,ADR[1],5326845,1,0,157,0.39077436923980713,0.05091455578804016,0.09246048331260681,0.09771788120269775,0.0060610175132751465
0,0,1,0,0,ADR[2],5326845,3,399,488,0.3562634587287903,0.07022428512573242,0.04876723885536194,0.02081453800201416,0.012735635042190552
0,0,0,0,0,NEUTRAL,5326845,4,489,572,0.4402371346950531,0.05615803599357605,0.057450056076049805,0.024507582187652588,0.01615053415298462
0,0,1,0,0,ADR[1],563204,2,47,142,0.08355000615119934,0.06644874811172485,0.9229346513748169,0.06918603181838989,0.05296969413757324
0,0,0,0,0,NEUTRAL,563204,4,186,281,0.07938602566719055,0.04301077127456665,0.024620145559310913,0.0640089213848114,0.005774378776550293
0,0,0,1,0,DI[1],2663330,3,175,240,0.08023160696029663,0.04637426137924194,0.026750147342681885,0.9527840614318848,0.014983326196670532
0,0,0,0,0,NEUTRAL,2663330,2,121,174,0.10590505599975586,0.05138638615608215,0.027418792247772217,0.03388229012489319,0.00750577449798584
0,0,0,1,0,DI[1],656261,1,0,114,0.09767699241638184,0.059817612171173096,0.021157950162887573,0.959987461566925,0.016461580991744995
1,0,0,1,0,EF[3]|DI[2],656261,8,802,864,0.5300071835517883,0.18312209844589233,0.030100494623184204,0.9078623056411743,0.03343972563743591
0,0,0,0,0,NEUTRAL,656261,3,212,333,0.2944148778915405,0.030898958444595337,0.20115810632705688,0.02519848942756653,0.011029720306396484
0,0,0,1,0,DI[3],2544941,4,255,360,0.07065939903259277,0.05238741636276245,0.019253939390182495,0.9211996793746948,0.012747883796691895
0,0,0,1,0,DI[1],2544941,10,755,801,0.0896955132484436,0.04805108904838562,0.02407243847846985,0.9566192626953125,0.015138059854507446
0,0,0,0,0,NEUTRAL,2544941,2,75,104,0.14568683505058289,0.05028906464576721,0.025881797075271606,0.03307881951332092,0.009489685297012329
0,0,0,1,0,DI[3],913556,1,0,23,0.10323390364646912,0.0530531108379364,0.029392391443252563,0.9692577123641968,0.01927870512008667
0,0,0,1,0,DI[5],913556,2,24,109,0.29392585158348083,0.21947267651557922,0.05277729034423828,0.9811183214187622,0.01860252022743225
1,0,0,1,0,EF[1]|DI[2],913556,7,261,367,0.7055478096008301,0.13204681873321533,0.13838788866996765,0.9401471614837646,0.022818952798843384
1,0,0,1,0,EF[6]|DI[4],913556,10,464,594,0.6458842158317566,0.1851399540901184,0.19695055484771729,0.9286072254180908,0.020570874214172363
0,0,0,0,0,NEUTRAL,913556,11,595,625,0.09440398216247559,0.050906747579574585,0.028976023197174072,0.03626248240470886,0.008091986179351807
0,1,0,0,0,INF[1],2418508,3,39,54,0.09415584802627563,0.881303071975708,0.04686671495437622,0.09407868981361389,0.051749616861343384
0,1,0,0,0,INF[2],2418508,5,105,165,0.3930979371070862,0.0636959969997406,0.0299740731716156,0.034717172384262085,0.016362100839614868
0,0,0,0,0,NEUTRAL,2418508,4,55,104,0.15112382173538208,0.0470099151134491,0.028970301151275635,0.03050607442855835,0.009530842304229736
0,0,0,1,0,DI[2],2493805,1,0,205,0.10636705160140991,0.061660706996917725,0.028212308883666992,0.971439003944397,0.018411606550216675
1,1,0,1,0,EF[1]|INF[4]|DI[3],2493805,6,548,684,0.3460848927497864,0.7403725385665894,0.08058920502662659,0.9587495923042297,0.057661741971969604
0,0,0,0,0,NEUTRAL,2493805,5,471,547,0.07813918590545654,0.04173535108566284,0.01778426766395569,0.8916671872138977,0.007891714572906494
1,0,0,0,0,EF[1],1313539,4,231,288,0.6676220297813416,0.13489791750907898,0.07792502641677856,0.03318989276885986,0.027659714221954346
0,0,0,1,0,DI[2],1313539,5,289,386,0.10424470901489258,0.05767083168029785,0.025996685028076172,0.9687973856925964,0.018288761377334595
1,0,0,0,0,EF[3],1313539,10,779,818,0.3659946918487549,0.06214061379432678,0.04589143395423889,0.02379852533340454,0.015866905450820923
0,0,0,0,0,NEUTRAL,1313539,8,647,701,0.3811313211917877,0.10572433471679688,0.11845365166664124,0.9392457604408264,0.007325559854507446
0,0,0,1,0,DI[4],2695437,1,0,102,0.13008961081504822,0.022520899772644043,0.02178168296813965,0.2797171473503113,0.004318207502365112
0,0,1,0,0,ADR[1],2695437,6,525,620,0.16882440447807312,0.4581526517868042,0.03499263525009155,0.028943806886672974,0.015039950609207153
1,0,0,1,0,EF[3]|DI[2],2695437,7,621,714,0.7024922370910645,0.12026149034500122,0.3042997717857361,0.7931513786315918,0.01922285556793213
0,0,0,0,0,NEUTRAL,2695437,3,221,313,0.08908528089523315,0.04491114616394043,0.8949199914932251,0.05857279896736145,0.03859305381774902
0,0,0,1,0,DI[1],835072,3,93,139,0.09747976064682007,0.04153084754943848,0.8627086877822876,0.13464710116386414,0.018113821744918823
0,0,0,1,0,DI[2],835072,4,140,176,0.06740155816078186,0.08711510896682739,0.017439693212509155,0.907462477684021,0.012646913528442383
0,0,0,1,0,DI[7],835072,7,240,288,0.20311716198921204,0.10283613204956055,0.026837080717086792,0.9812594652175903,0.026398003101348877
1,0,0,0,0,EF[3],835072,9,335,355,0.5609713792800903,0.06316682696342468,0.042107194662094116,0.05330285429954529,0.019545644521713257
1,0,0,1,0,EF[8]|DI[6],835072,10,356,392,0.7235413193702698,0.30859142541885376,0.4453667402267456,0.8056734800338745,0.037043750286102295
0,0,0,1,0,DI[5],835072,13,459,508,0.1745237410068512,0.11050838232040405,0.019495666027069092,0.9639736413955688,0.017129600048065186
0,0,0,0,0,NEUTRAL,835072,11,393,421,0.09196627140045166,0.8033047914505005,0.04078969359397888,0.057589948177337646,0.03600192070007324
0,0,1,1,0,ADR[5]|DI[6],2633533,2,61,235,0.09434440732002258,0.02911090850830078,0.1823500692844391,0.7783929705619812,0.003615081310272217
0,0,1,1,0,ADR[1]|DI[3],2633533,4,332,492,0.25362855195999146,0.09927675127983093,0.2154434621334076,0.9632869958877563,0.011785745620727539
0,0,1,0,0,ADR[2],2633533,5,493,638,0.1302388310432434,0.24043822288513184,0.8564481139183044,0.06419214606285095,0.041094303131103516
0,1,0,0,0,INF[4],2633533,6,639,733,0.631622314453125,0.10910370945930481,0.04353955388069153,0.04829007387161255,0.024522066116333008
0,0,0,0,0,NEUTRAL,2633533,3,236,331,0.17319229245185852,0.05340680480003357,0.06604549288749695,0.018201351165771484,0.008874952793121338
0,0,1,0,0,ADR[2],862550,3,84,177,0.07440263032913208,0.05622333288192749,0.8912866115570068,0.052315086126327515,0.04002022743225098
0,0,1,0,0,ADR[4]|Finding[1],862550,4,178,343,0.1135985255241394,0.09356072545051575,0.9362167119979858,0.23460093140602112,0.03696209192276001
0,0,0,0,0,NEUTRAL,862550,1,0,34,0.4172353446483612,0.060329169034957886,0.031430214643478394,0.03653988242149353,0.016502350568771362
0,0,0,1,0,DI[2],2420568,1,0,55,0.19556552171707153,0.06059262156486511,0.028027653694152832,0.9781242609024048,0.024028390645980835
0,0,0,1,0,DI[4],2420568,2,56,97,0.09070739150047302,0.0496792197227478,0.023645371198654175,0.9546231031417847,0.015150070190429688
1,0,0,1,0,EF[3]|DI[1],2420568,5,204,318,0.1624445617198944,0.09784179925918579,0.9482832551002502,0.23243120312690735,0.046737104654312134
0,0,0,0,0,NEUTRAL,2420568,6,319,330,0.12299343943595886,0.037940382957458496,0.0256497859954834,0.044854700565338135,0.007680445909500122
0,0,0,1,0,DI[1],1740396,1,0,93,0.05946451425552368,0.019389420747756958,0.052303701639175415,0.4150482416152954,0.003646761178970337
1,0,0,0,0,EF[6],1740396,3,192,213,0.7604165077209473,0.09404942393302917,0.07324641942977905,0.10930046439170837,0.04008105397224426
1,0,0,0,0,EF[5],1740396,4,214,252,0.41109955310821533,0.0334799587726593,0.10154271125793457,0.03892633318901062,0.013796776533126831
0,0,0,1,0,DI[3],1740396,5,253,390,0.11653777956962585,0.05432099103927612,0.022768348455429077,0.9613109827041626,0.012595653533935547
1,0,0,0,0,EF[2],1740396,7,418,521,0.2743181586265564,0.04647335410118103,0.41110268235206604,0.017914384603500366,0.015223175287246704
0,0,1,0,0,ADR[4],1740396,8,522,622,0.19518253207206726,0.4106135666370392,0.9244405031204224,0.34720009565353394,0.06655058264732361
0,0,0,0,0,NEUTRAL,1740396,6,391,417,0.1117410659790039,0.030177026987075806,0.03591501712799072,0.04651418328285217,0.007050573825836182
0,0,0,1,0,DI[2],2445904,2,59,267,0.12305739521980286,0.06290671229362488,0.025645464658737183,0.9735867977142334,0.01761573553085327
0,0,0,1,0,DI[1],2445904,3,268,495,0.20042645931243896,0.039860546588897705,0.1432247757911682,0.9502847194671631,0.008531808853149414
0,0,0,0,0,NEUTRAL,2445904,5,612,663,0.09466227889060974,0.08291181921958923,0.030437827110290527,0.02648177742958069,0.009596407413482666
0,0,0,1,0,DI[3],2661222,1,0,141,0.2567442059516907,0.022547215223312378,0.08568206429481506,0.8558922410011292,0.0056642889976501465
1,0,0,1,0,EF[6]|DI[4],2661222,3,229,291,0.6861668229103088,0.1188247799873352,0.7219852209091187,0.7055349946022034,0.034462302923202515
0,0,0,1,0,DI[7]|Finding[8],2661222,4,292,411,0.3721218705177307,0.08715429902076721,0.05346211791038513,0.9824629426002502,0.019331276416778564
1,0,0,1,0,EF[1]|DI[2],2661222,5,412,545,0.7294093370437622,0.0998125672340393,0.4158860146999359,0.8885416984558105,0.03294208645820618
0,0,0,1,0,DI[5],2661222,6,546,626,0.11538341641426086,0.06225854158401489,0.026452720165252686,0.971308708190918,0.017020851373672485
0,0,0,0,0,NEUTRAL,2661222,2,142,228,0.08951345086097717,0.03369155526161194,0.7764708399772644,0.08873313665390015,0.017122775316238403
0,0,0,1,0,DI[7],594098,1,0,125,0.08908993005752563,0.030374765396118164,0.041696369647979736,0.9283010959625244,0.007105469703674316
0,0,1,0,0,ADR[2],594098,4,204,261,0.07740682363510132,0.05540117621421814,0.9098987579345703,0.06363430619239807,0.04791620373725891
0,0,1,0,0,ADR[8],594098,5,262,351,0.1502332091331482,0.04424676299095154,0.8571778535842896,0.03511640429496765,0.032829463481903076
0,0,1,0,0,ADR[5],594098,6,352,392,0.10865655541419983,0.03968703746795654,0.8835415840148926,0.09653013944625854,0.02529376745223999
0,0,1,0,0,ADR[1],594098,7,393,530,0.08134225010871887,0.040895164012908936,0.05649879574775696,0.03417298197746277,0.0057936906814575195
0,0,1,0,0,ADR[6],594098,9,614,690,0.104098379611969,0.026493102312088013,0.38205283880233765,0.025745868682861328,0.01118934154510498
0,0,1,0,0,ADR[4],594098,10,691,787,0.18534263968467712,0.029759317636489868,0.035093098878860474,0.23069187998771667,0.0033375024795532227
0,0,1,0,0,ADR[3],594098,11,788,831,0.0713682472705841,0.044653117656707764,0.8843344449996948,0.06836730241775513,0.038750648498535156
0,0,0,0,0,NEUTRAL,594098,3,180,203,0.1116536557674408,0.033457010984420776,0.036991894245147705,0.03962245583534241,0.006813228130340576
0,0,0,1,0,DI[4],587207,1,0,57,0.11633050441741943,0.049264758825302124,0.01898825168609619,0.9469826221466064,0.014421612024307251
1,0,0,1,0,EF[5]|DI[6],587207,3,97,223,0.597295343875885,0.12380680441856384,0.048733264207839966,0.9621850252151489,0.04388818144798279
0,0,0,1,0,DI[2],587207,4,224,299,0.17800956964492798,0.02700987458229065,0.11248323321342468,0.8512601852416992,0.003799736499786377
1,0,0,0,0,EF[3],587207,6,326,412,0.7719409465789795,0.10093528032302856,0.06668993830680847,0.10311290621757507,0.04915723204612732
1,0,0,0,0,EF[1],587207,7,413,454,0.5646695494651794,0.06531128287315369,0.04241383075714111,0.05247622728347778,0.027132391929626465
0,0,0,0,0,NEUTRAL,587207,2,58,96,0.12747400999069214,0.022412538528442383,0.019609391689300537,0.28876060247421265,0.00532492995262146
0,0,0,1,0,DI[1],2410110,1,0,50,0.12782356142997742,0.0625847578048706,0.03256791830062866,0.976280927658081,0.019773870706558228
0,0,0,1,0,DI[4],2410110,2,51,103,0.4092850089073181,0.14002448320388794,0.5146819353103638,0.9121239185333252,0.022484302520751953
0,0,0,1,0,DI[3],2410110,3,104,212,0.09848096966743469,0.05745208263397217,0.024730205535888672,0.964017391204834,0.015553414821624756
0,0,0,1,0,DI[6],2410110,7,347,415,0.5420793890953064,0.5525217652320862,0.1878107488155365,0.8424355983734131,0.02466905117034912
0,0,0,1,0,DI[5],2410110,9,444,574,0.10185348987579346,0.051873594522476196,0.022992193698883057,0.9625402688980103,0.01609170436859131
0,0,1,0,0,ADR[2],2410110,13,772,888,0.44269242882728577,0.7829365730285645,0.5785950422286987,0.7059935331344604,0.05199173092842102
0,0,0,0,0,NEUTRAL,2410110,15,968,993,0.0823935866355896,0.03932809829711914,0.028010517358779907,0.054929763078689575,0.0067650675773620605
0,0,0,1,0,DI[6],822369,1,0,140,0.1675630807876587,0.0826089084148407,0.03146430850028992,0.9780158400535583,0.01394602656364441
1,0,0,1,0,EF[8]|DI[4],822369,3,170,273,0.09430286288261414,0.04436710476875305,0.02305048704147339,0.9538557529449463,0.013981223106384277
1,0,0,0,0,EF[1]|Finding[7],822369,9,665,757,0.10877510905265808,0.06408041715621948,0.0190468430519104,0.9533445835113525,0.011788815259933472
0,0,0,1,0,DI[2]|Finding[9],822369,10,758,802,0.09707361459732056,0.06490793824195862,0.026895642280578613,0.9680719971656799,0.019164294004440308
1,0,0,0,0,EF[5]|Finding[10],822369,11,803,862,0.5193386077880859,0.10381966829299927,0.043171435594558716,0.9458321928977966,0.03202870488166809
1,0,0,0,0,EF[3],822369,12,863,916,0.28490468859672546,0.30644330382347107,0.02435275912284851,0.022093921899795532,0.019836604595184326
0,0,0,0,0,NEUTRAL,822369,6,379,455,0.0918809175491333,0.048637598752975464,0.028260022401809692,0.03530910611152649,0.007594883441925049
0,0,1,0,0,ADR[1],822705,1,0,68,0.14855307340621948,0.038702815771102905,0.6983513236045837,0.6504946947097778,0.008409678936004639
0,0,1,0,0,ADR[3],822705,2,69,101,0.09112617373466492,0.024157792329788208,0.05398568511009216,0.07521933317184448,0.004585146903991699
0,0,1,0,0,ADR[2],822705,3,102,152,0.07291331887245178,0.04853418469429016,0.8685307502746582,0.049586474895477295,0.03950256109237671
0,0,0,0,0,NEUTRAL,822705,5,171,205,0.08752971887588501,0.04609191417694092,0.036200881004333496,0.03829726576805115,0.006326526403427124
0,0,0,1,0,DI[3],1607970,1,0,103,0.12649670243263245,0.05020272731781006,0.028882980346679688,0.9671889543533325,0.013864606618881226
0,0,1,0,0,ADR[4],1607970,4,253,390,0.17561814188957214,0.14253997802734375,0.9425862431526184,0.34434741735458374,0.04649052023887634
0,0,1,0,0,ADR[1],1607970,6,508,602,0.13301801681518555,0.07241570949554443,0.014676094055175781,0.7289696931838989,0.004165947437286377
0,0,0,0,0,NEUTRAL,1607970,3,184,252,0.10988685488700867,0.03494119644165039,0.07408314943313599,0.026480048894882202,0.007450103759765625
0,0,0,1,0,DI[1],2673885,2,69,192,0.08190760016441345,0.045222312211990356,0.012865543365478516,0.6257595419883728,0.005444735288619995
0,0,0,1,0,DI[2],2673885,3,193,241,0.10399290919303894,0.03759637475013733,0.8842409253120422,0.22481456398963928,0.024379462003707886
0,0,0,1,0,DI[3],2673885,4,242,565,0.4304215610027313,0.4785715937614441,0.11462175846099854,0.7505124807357788,0.011434167623519897
0,0,0,0,0,NEUTRAL,2673885,5,566,632,0.09150940179824829,0.06354758143424988,0.0300445556640625,0.030621856451034546,0.007491320371627808
0,0,0,1,0,DI[1],635587,3,96,146,0.1135200560092926,0.07911500334739685,0.02634558081626892,0.9741877913475037,0.020127922296524048
1,0,0,1,0,EF[5]|DI[2],635587,4,147,259,0.3863595426082611,0.10795986652374268,0.10930830240249634,0.9825115203857422,0.024327784776687622
1,0,0,0,0,EF[4],635587,7,364,416,0.8064979314804077,0.172565758228302,0.08396166563034058,0.1000937819480896,0.050654828548431396
0,0,0,1,0,DI[3],635587,8,417,514,0.14760756492614746,0.19010880589485168,0.03109535574913025,0.9786211252212524,0.02210882306098938
1,0,0,0,0,EF[6],635587,9,515,588,0.49065619707107544,0.0934954285621643,0.050547659397125244,0.029032349586486816,0.015036433935165405
0,0,0,0,0,NEUTRAL,635587,5,260,339,0.0880313515663147,0.04532653093338013,0.07226058840751648,0.02544271945953369,0.007460147142410278
0,0,0,1,0,DI[3],2702457,2,41,105,0.12201645970344543,0.06509101390838623,0.028870344161987305,0.967597484588623,0.011545419692993164
0,0,0,1,0,DI[4],2702457,3,106,130,0.3759569227695465,0.06276246905326843,0.04203611612319946,0.9735754132270813,0.017437487840652466
0,1,0,0,0,INF[5],2702457,4,131,201,0.1225959062576294,0.7876853942871094,0.03199008107185364,0.0648638904094696,0.028678536415100098
1,0,0,1,0,EF[1]|DI[2],2702457,6,253,348,0.2983283996582031,0.11737152934074402,0.03873169422149658,0.9810771942138672,0.02028748393058777
0,0,0,0,0,NEUTRAL,2702457,1,0,40,0.061750978231430054,0.028214335441589355,0.025041162967681885,0.19166666269302368,0.004628896713256836
0,0,0,1,0,DI[3]|Finding[2],579743,2,26,101,0.10088688135147095,0.04789608716964722,0.026043236255645752,0.9627516269683838,0.01568320393562317
0,1,0,0,0,INF[1],579743,4,142,303,0.11808738112449646,0.03905421495437622,0.0418609082698822,0.21399620175361633,0.0029448270797729492
0,0,0,0,0,NEUTRAL,579743,5,304,341,0.08441320061683655,0.028643518686294556,0.030313760042190552,0.085203617811203,0.005633264780044556
0,0,0,1,0,DI[3],2686291,1,0,163,0.10577714443206787,0.056665122509002686,0.029634326696395874,0.9703850150108337,0.018797844648361206
0,1,0,0,0,INF[1],2686291,2,164,261,0.08371734619140625,0.8920961618423462,0.05212050676345825,0.12650659680366516,0.05295729637145996
1,0,0,0,0,EF[2],2686291,4,388,551,0.21110689640045166,0.07523974776268005,0.025050967931747437,0.9748598337173462,0.01598230004310608
0,0,0,1,0,DI[4],2686291,5,552,721,0.1113826334476471,0.061866939067840576,0.031346023082733154,0.9743034839630127,0.02031773328781128
0,0,0,0,0,NEUTRAL,2686291,6,722,771,0.08684238791465759,0.050725966691970825,0.03204512596130371,0.03472334146499634,0.007753580808639526
0,0,0,1,0,DI[1],2460790,4,203,468,0.1198483407497406,0.020858317613601685,0.043362945318222046,0.17829865217208862,0.0037251710891723633
1,0,0,0,0,EF[2],2460790,7,592,648,0.10591819882392883,0.02957245707511902,0.035575807094573975,0.05714583396911621,0.005436211824417114
0,0,0,0,0,NEUTRAL,2460790,1,0,30,0.08100196719169617,0.03867781162261963,0.04838240146636963,0.03374096751213074,0.0070122480392456055
0,0,0,1,0,DI[6],2735484,3,153,253,0.07788258790969849,0.044698119163513184,0.023461461067199707,0.9439526200294495,0.012878865003585815
0,0,0,1,0,DI[5],2735484,4,254,339,0.12283444404602051,0.054155319929122925,0.02754080295562744,0.9731625318527222,0.02050366997718811
1,0,0,0,0,EF[2],2735484,5,340,462,0.8007265329360962,0.15608710050582886,0.07697996497154236,0.1044502854347229,0.04329806566238403
1,0,0,0,0,EF[1],2735484,6,463,558,0.13143807649612427,0.03828081488609314,0.016681641340255737,0.39924874901771545,0.005205810070037842
0,0,0,1,0,DI[3],2735484,7,559,652,0.12329435348510742,0.06940671801567078,0.029069751501083374,0.9766324758529663,0.021464765071868896
0,0,0,0,0,NEUTRAL,2735484,1,0,52,0.07757189869880676,0.044843316078186035,0.025841176509857178,0.056119710206985474,0.00627550482749939
0,0,0,1,0,DI[1],697047,3,108,241,0.09177690744400024,0.05364847183227539,0.02418157458305359,0.9599059820175171,0.015155434608459473
0,0,0,0,0,NEUTRAL,697047,1,0,42,0.1176874041557312,0.03616374731063843,0.02069416642189026,0.2644849419593811,0.0033942461013793945
0,0,0,1,0,DI[3],950111,8,429,560,0.09392091631889343,0.03969225287437439,0.02281150221824646,0.9431307911872864,0.011534839868545532
0,1,0,0,0,INF[1],950111,9,561,641,0.587491512298584,0.09634318947792053,0.07637423276901245,0.03201061487197876,0.0214117169380188
0,1,0,0,0,INF[2],950111,10,642,685,0.09193217754364014,0.8942652940750122,0.04962921142578125,0.11587497591972351,0.05890136957168579
0,0,0,0,0,NEUTRAL,950111,6,306,382,0.5914456844329834,0.17365097999572754,0.04838600754737854,0.03375628590583801,0.023753345012664795
0,0,0,1,0,DI[3],2445498,2,44,133,0.1785644292831421,0.05331644415855408,0.029673993587493896,0.971009373664856,0.0148409903049469
1,1,1,0,0,EF[12]|INF[9]|ADR[11],2445498,5,309,435,0.31481555104255676,0.9444043636322021,0.1205197274684906,0.7280016541481018,0.10286083817481995
1,0,0,1,0,EF[1]|DI[14],2445498,8,508,558,0.6968207359313965,0.22617578506469727,0.0779123306274414,0.9712053537368774,0.0628831684589386
1,0,0,1,0,EF[8]|DI[10],2445498,9,559,635,0.5312994718551636,0.0862368643283844,0.7260733842849731,0.4390706419944763,0.01618373394012451
1,0,0,1,0,EF[5]|DI[2],2445498,10,636,669,0.08386960625648499,0.045269399881362915,0.8639287948608398,0.0626225471496582,0.026338428258895874
1,0,0,0,0,EF[13],2445498,11,670,741,0.13805603981018066,0.04262709617614746,0.8819088935852051,0.04508471488952637,0.03812071681022644
1,0,1,0,0,EF[4]|ADR[15],2445498,12,742,781,0.29906165599823,0.06253403425216675,0.03795108199119568,0.9739967584609985,0.016190707683563232
0,0,1,0,0,ADR[6],2445498,15,854,931,0.0705210268497467,0.04021972417831421,0.8470313549041748,0.07566186785697937,0.024169921875
1,0,0,0,0,EF[16],2445498,16,932,1005,0.2158254086971283,0.04237496852874756,0.04831472039222717,0.022630929946899414,0.009563177824020386
0,0,0,0,0,NEUTRAL,2445498,14,831,853,0.07251569628715515,0.8651043772697449,0.050987452268600464,0.10938340425491333,0.04961875081062317
0,0,0,1,0,DI[3],936675,5,251,330,0.11172232031822205,0.051482558250427246,0.023639589548110962,0.9644963145256042,0.016978800296783447
0,0,0,1,0,DI[1],936675,6,331,358,0.12727147340774536,0.06325271725654602,0.0289706289768219,0.9743807315826416,0.01798701286315918
0,1,0,0,0,INF[4],936675,9,548,603,0.08085000514984131,0.36955583095550537,0.026701152324676514,0.027774810791015625,0.015470564365386963
0,1,0,0,0,INF[2],936675,10,604,706,0.12025299668312073,0.8903939723968506,0.04172682762145996,0.11355596780776978,0.0452689528465271
0,0,0,0,0,NEUTRAL,936675,7,359,455,0.4609285593032837,0.05379396677017212,0.06861868500709534,0.3748713731765747,0.00512966513633728
0,0,0,1,0,DI[4],590646,2,62,218,0.08888322114944458,0.037388384342193604,0.023264646530151367,0.9407012462615967,0.011262089014053345
0,1,0,1,0,INF[3]|DI[1],590646,3,219,410,0.13177859783172607,0.38221341371536255,0.020894557237625122,0.9444195032119751,0.01842060685157776
0,1,0,0,0,INF[2],590646,6,658,734,0.2035624384880066,0.02961215376853943,0.017824292182922363,0.39988386631011963,0.006480991840362549
0,0,0,0,0,NEUTRAL,590646,1,0,61,0.0813882052898407,0.02688613533973694,0.04759371280670166,0.09038075804710388,0.004343867301940918
0,0,0,1,0,DI[1],246591,1,0,106,0.2658489942550659,0.24202969670295715,0.019181787967681885,0.9590287208557129,0.025131553411483765
1,0,0,0,0,EF[2],246591,3,165,272,0.5957714319229126,0.07686442136764526,0.04421326518058777,0.04237815737724304,0.02152910828590393
1,0,0,1,0,EF[4]|DI[3],246591,5,334,427,0.8238587379455566,0.26949796080589294,0.12699368596076965,0.9044115543365479,0.05630066990852356
0,0,0,0,0,NEUTRAL,246591,4,273,333,0.07349944114685059,0.03703424334526062,0.7130024433135986,0.03153806924819946,0.02415531873703003
0,0,0,1,0,DI[3],2443740,1,0,98,0.614380955696106,0.158924400806427,0.27032560110092163,0.9618091583251953,0.02903127670288086
0,0,1,0,0,ADR[6],2443740,8,475,607,0.09069734811782837,0.07226541638374329,0.9365031719207764,0.08449944853782654,0.056091248989105225
0,1,0,0,0,INF[2],2443740,9,608,644,0.091128408908844,0.8859319686889648,0.046535104513168335,0.1106269359588623,0.05400457978248596
0,1,0,1,0,INF[4]|DI[5]|Finding[1],2443740,10,645,716,0.5530735850334167,0.70917147397995,0.2699824571609497,0.8632830381393433,0.05366361141204834
0,0,0,0,0,NEUTRAL,2443740,6,410,428,0.08151459693908691,0.04054751992225647,0.04916897416114807,0.042120277881622314,0.006407231092453003
0,0,0,1,0,DI[1],656346,1,0,73,0.2867928147315979,0.09518831968307495,0.027153074741363525,0.9802173972129822,0.026197165250778198
1,0,0,0,0,EF[5],656346,3,117,246,0.6234186887741089,0.22957107424736023,0.0420185923576355,0.03436678647994995,0.029567807912826538
1,0,0,0,0,EF[4],656346,5,382,489,0.09526163339614868,0.04657864570617676,0.02254292368888855,0.05927017331123352,0.0056397318840026855
1,0,0,1,0,EF[2]|DI[3],656346,6,490,671,0.3302114009857178,0.05389440059661865,0.04889252781867981,0.9689440727233887,0.013657480478286743
0,0,0,0,0,NEUTRAL,656346,4,247,381,0.12556228041648865,0.051687538623809814,0.04766017198562622,0.020213276147842407,0.008729547262191772
0,0,0,1,0,DI[2],1528477,1,0,144,0.16847726702690125,0.051055580377578735,0.025944292545318604,0.9659953117370605,0.010929584503173828
0,0,1,0,0,ADR[1],1528477,2,145,236,0.07534101605415344,0.09973841905593872,0.912949800491333,0.06659126281738281,0.04956653714179993
0,0,0,0,0,NEUTRAL,1528477,3,237,250,0.07018694281578064,0.023420065641403198,0.0346524715423584,0.20099979639053345,0.00426134467124939
0,0,0,1,0,DI[4],591900,1,0,126,0.06609043478965759,0.019029229879379272,0.05752876400947571,0.21221688389778137,0.0038328468799591064
0,1,0,1,0,INF[5]|DI[1],591900,3,207,291,0.19002586603164673,0.17427584528923035,0.7794039249420166,0.08368593454360962,0.023518353700637817
0,1,0,0,0,INF[6],591900,4,292,385,0.25033316016197205,0.8432469964027405,0.05217015743255615,0.40136876702308655,0.02606356143951416
0,1,0,0,0,INF[3],591900,5,386,505,0.09192231297492981,0.8762128353118896,0.044561177492141724,0.08105212450027466,0.05370229482650757
0,1,0,0,0,INF[7],591900,6,506,598,0.3667905330657959,0.08197864890098572,0.1309644877910614,0.9637110233306885,0.010448187589645386
0,1,0,0,0,INF[2],591900,7,599,633,0.08866703510284424,0.8957241773605347,0.0509718656539917,0.11045540124177933,0.05831451341509819
