synset_id	sense_id	sense_term	synset_id_no_pos
108863-A	108863-A-135833	гайморитный	108863
9014-A	9014-A-136122	гнойниковый	9014
9014-A	9014-A-143184	нарывный	9014
7506-A	7506-A-158088	энцефалитный	7506
111184-A	111184-A-133031	аппендицитный	111184
133318-A	133318-A-187500	одышечный	133318
8804-A	8804-A-150281	простудный	8804
9869-A	9869-A-168451	грыжевый	9869
9869-A	9869-A-168452	грыжевой	9869
113976-A	113976-A-152406	светолечебный	113976
136540-A	136540-A-698050	химиотерапевтический	136540
109688-A	109688-A-135920	геморроидальный	109688
109688-A	109688-A-135922	геморройный	109688
144269-A	144269-A-137580	желтушный	144269
9023-A	9023-A-141868	малярийный	9023
9805-A	9805-A-708631	инфузионный	9805
8510-A	8510-A-136213	гонорейный	8510
6004-A	6004-A-109154	полиомиелитный	6004
2635-A	2635-A-202657	наркозависимый	2635
4359-A	4359-A-136956	дифтерический	4359
4359-A	4359-A-136953	дифтерийный	4359
4359-A	4359-A-136955	дифтеритный	4359
125067-A	125067-A-169648	аритмический	125067
110150-A	110150-A-142208	мигреневый	110150
4727-A	4727-A-113214	туберкулезный	4727
9483-A	9483-A-159969	бесплодный	9483
4046-A	4046-A-121900	лечебно-профилактический	4046
4046-A	4046-A-121761	медико-профилактический	4046
4046-A	4046-A-120772	лечебно-оздоровительный	4046
141543-A	141543-A-205804	слабоумный	141543
136064-A	136064-A-214923	рвотный	136064
137435-A	137435-A-104192	иммунодефицитный	137435
137435-A	137435-A-118489	иммунопатологический	137435
142973-A	142973-A-164026	дренажный	142973
142973-A	142973-A-670596	дренажный процеура	142973
120996-A	120996-A-163267	тромботический	120996
124454-A	124454-A-135706	высыпной	124454
116900-A	116900-A-735221	бессонный	116900
8776-A	8776-A-145398	отитный	8776
4521-A	4521-A-149050	прививочный	4521
110393-A	110393-A-150492	психопатический	110393
4030-A	4030-A-135940	гепатитный	4030
128086-A	128086-A-148049	полипный	128086
5390-A	5390-A-715256	послеоперационный	5390
5390-A	5390-A-144785	операционный	5390
5390-A	5390-A-144783	оперативный	5390
5390-A	5390-A-113989	хирургический	5390
7918-A	7918-A-150494	психотерапевтический	7918
117985-A	117985-A-141885	маниакальный	117985
9491-A	9491-A-157667	шизофренический	9491
109333-A	109333-A-155714	угревой	109333
110165-A	110165-A-154737	таблеточный	110165
124017-A	124017-A-136062	глистный	124017
151334-A	151334-A-744020	сахароснижающий	151334
151334-A	151334-A-139301	инсулиновый	151334
112579-A	112579-A-139331	инфарктный	112579
133077-A	133077-A-186710	обморочный	133077
110168-A	110168-A-133981	брюшнотифозный	110168
110356-A	110356-A-143430	невралгический	110356
112452-A	112452-A-132749	авитаминозный	112452
4688-A	4688-A-154260	стерилизационный	4688
109936-A	109936-A-140602	конъюнктивитный	109936
130761-A	130761-A-188699	умственный отсталый	130761
2283-A	2283-A-163027	хронический	2283
5137-A	5137-A-169375	абортивный	5137
9224-A	9224-A-684363	респираторно-вирусный	9224
9231-A	9231-A-184184	косоглазый	9231
9231-A	9231-A-159164	косой	9231
6161-A	6161-A-101000	биопсийный	6161
6161-A	6161-A-133643	биопсический	6161
115124-A	115124-A-155377	тромбозный	115124
4684-A	4684-A-105148	коревой	4684
6041-A	6041-A-205714	менингитный	6041
112643-A	112643-A-135897	гастрический	112643
112643-A	112643-A-135896	гастритный	112643
144833-A	144833-A-686859	вегетососудистый	144833
110237-A	110237-A-133771	болезненный	110237
110237-A	110237-A-133769	болевой	110237
111256-A	111256-A-121273	невротический	111256
110398-A	110398-A-721637	истеричный	110398
110398-A	110398-A-721632	истерический	110398
114990-A	114990-A-154260	стерилизационный	114990
3214-A	3214-A-112141	столбнячный	3214
8482-A	8482-A-121721	сифилитический	8482
5567-A	5567-A-116093	паралитический	5567
5567-A	5567-A-146132	параличный	5567
9239-A	9239-A-152429	свинушный	9239
109296-A	109296-A-117218	катаральный	109296
108134-A	108134-A-721407	шоковый	108134
616-A	616-A-741991	недужный	616
7000-A	7000-A-670048	сверхурочный	7000
8159-A	8159-A-102510	гомеопатический	8159
109068-A	109068-A-100391	аллергический	109068
113568-A	113568-A-124500	чумной	113568
8705-A	8705-A-139870	катарактный	8705
4779-A	4779-A-104077	зубопротезный	4779
3949-A	3949-A-711583	психопатологический	3949
3949-A	3949-A-110253	психоневрологический	3949
110825-A	110825-A-145373	отечный	110825
9050-A	9050-A-164109	кофеиновый	9050
125387-A	125387-A-170221	бородавочный	125387
125387-A	125387-A-195356	бородавчатый	125387
6259-A	6259-A-133482	белокровный	6259
6259-A	6259-A-141375	лейкозный	6259
148386-A	148386-A-720124	налитый свинец	148386
6087-A	6087-A-713146	радиотерапевтический	6087
5177-A	5177-A-110636	реанимационный	5177
109331-A	109331-A-158001	экзематозный	109331
8509-A	8509-A-139528	ишемический	8509
141530-A	141530-A-213951	парацетамоловый	141530
113571-A	113571-A-215407	водолечебный	113571
8161-A	8161-A-102782	гриппозный	8161
113028-A	113028-A-143499	нейрохирургический	113028
4392-A	4392-A-144910	опухолевый	4392
3373-A	3373-A-132879	алкоголический	3373
1056-A	1056-A-202841	вич-инфицированный	1056
3700-A	3700-A-103135	дизентерийный	3700
5330-A	5330-A-113695	физиотерапевтический	5330
137570-A	137570-A-201734	плоскостопый	137570
7513-A	7513-A-116265	иммунологический	7513
127631-A	127631-A-175420	тошнотный	127631
9808-A	9808-A-700229	лапароскопический	9808
9808-A	9808-A-158080	эндоскопический	9808
9767-A	9767-A-151741	рентгенографический	9767
9767-A	9767-A-704548	радиографический	9767
9598-A	9598-A-133935	бронхитный	9598
8706-A	8706-A-136056	глаукомный	8706
108841-A	108841-A-124941	чесоточный	108841
8216-A	8216-A-123682	наркозный	8216
142000-A	142000-A-111299	бальнеологический	142000
142000-A	142000-A-125066	бальнеотерапевтический	142000
109961-A	109961-A-152992	сколиозный	109961
129698-A	129698-A-134164	ванный	129698
123979-A	123979-A-169079	гипотонический	123979
9677-A	9677-A-724957	фармакотерапевтический	9677
9400-A	9400-A-169918	близорукий	9400
112450-A	112450-A-132733	абсцессный	112450
109552-A	109552-A-157150	цинготный	109552
109990-A	109990-A-154246	стенокардический	109990
9406-A	9406-A-140322	колитный	9406
144031-A	144031-A-707816	аутичный	144031
144031-A	144031-A-714684	аутистический	144031
9484-A	9484-A-139302	инсультный	9484
112698-A	112698-A-205607	шелудивый	112698
112698-A	112698-A-205606	паршивый	112698
4035-A	4035-A-139699	канцерный	4035
4035-A	4035-A-151128	раковый	4035
5802-A	5802-A-690924	имбецильный	5802
5802-A	5802-A-690925	олигофренический	5802
3464-A	3464-A-145142	оспенный	3464
7393-A	7393-A-200194	атеросклеротический	7393
129454-A	129454-A-160290	свищевой	129454
129454-A	129454-A-178820	фистульный	129454
9444-A	9444-A-139339	инъекционный	9444
8094-A	8094-A-124018	анемический	8094
8187-A	8187-A-123890	акупунктурный	8187
8187-A	8187-A-138925	иглотерапевтический	8187
136318-A	136318-A-196877	диализный	136318
142357-A	142357-A-181599	депрессивный	142357
110468-A	110468-A-202103	параноидальный	110468
110468-A	110468-A-146137	параноический	110468
146293-A	146293-A-104373	инфекционный	146293
108862-A	108862-A-134921	воспалительный	108862
6044-A	6044-A-151620	ревматический	6044
6044-A	6044-A-151621	ревматоидный	6044
114693-A	114693-A-154530	судорожный	114693
114693-A	114693-A-153863	спазматический	114693
114693-A	114693-A-140502	конвульсивный	114693
7514-A	7514-A-139212	иммунизационный	7514
111236-A	111236-A-687934	психбольной	111236
111236-A	111236-A-700553	психбольная	111236
111236-A	111236-A-689199	страдающий психический заболевание	111236
111236-A	111236-A-689200	страдающий психический расстройство	111236
111236-A	111236-A-689201	страдающий расстройство психика	111236
110638-A	110638-A-181312	горячечный	110638
9856-A	9856-A-139797	кардиограммный	9856
109728-A	109728-A-152643	септический	109728
9278-A	9278-A-132942	ампутационный	9278
9238-A	9238-A-151564	рахитный	9238
7528-A	7528-A-195714	сальмонеллезный	7528
7782-A	7782-A-189553	пробирочный	7782
3729-A	3729-A-135866	гангренозный	3729
9387-A	9387-A-143234	насморочный	9387
129712-A	129712-A-677046	варикозный	129712
135455-A	135455-A-197070	удушающий	135455
135455-A	135455-A-203322	удушливый	135455
9414-A	9414-A-121961	кистозный	9414
111428-A	111428-A-210160	перевязочный	111428
1054-A	1054-A-104373	инфекционный	1054
114938-A	114938-A-153642	сомнамбулический	114938
123981-A	123981-A-158218	язвенный	123981
142786-A	142786-A-683870	посттравматический	142786
10134-A	10134-A-167426	припадочный	10134
137126-A	137126-A-714221	катетеризировать	137126
137126-A	137126-A-714220	катетеризовать	137126
9473-A	9473-A-164911	анестетический	9473
3073-A	3073-A-114069	холерный	3073
110367-A	110367-A-148245	поносный	110367
136755-A	136755-A-197836	эмболический	136755
112828-A	112828-A-150678	радикулитный	112828
5423-A	5423-A-139809	кариозный	5423
9478-A	9478-A-142265	миомный	9478
9725-A	9725-A-165795	процедурный	9725
144274-A	144274-A-161614	доброкачественный	144274
114870-V	114870-V-150284	простукивать	114870
114870-V	114870-V-135683	выстукать	114870
114870-V	114870-V-135685	выстукивать	114870
114870-V	114870-V-150282	простукать	114870
124613-V	124613-V-168846	омертветь	124613
124613-V	124613-V-187792	отмереть	124613
124613-V	124613-V-187793	отмирать	124613
124613-V	124613-V-168845	мертветь	124613
4688-V	4688-V-154262	стерилизовать	4688
110638-V	110638-V-181301	лихорадить	110638
120814-V	120814-V-162841	лечиться	120814
120814-V	120814-V-753409	лечиться без врач	120814
114990-V	114990-V-154262	стерилизовать	114990
9231-V	9231-V-140761	косить	9231
9231-V	9231-V-748681	глаз косить	9231
9231-V	9231-V-748682	косить глаз	9231
108862-V	108862-V-700466	воспалиться	108862
108862-V	108862-V-700467	воспаляться	108862
9278-V	9278-V-145553	отнять	9278
9278-V	9278-V-145548	отнимать	9278
9278-V	9278-V-118873	ампутировать	9278
136064-V	136064-V-722159	вытошнить	136064
136064-V	136064-V-135256	вывернуть	136064
136064-V	136064-V-722160	выташнивать	136064
136064-V	136064-V-135283	выворачивать	136064
136064-V	136064-V-175421	стошнить	136064
136064-V	136064-V-151573	рвать	136064
136064-V	136064-V-135590	вырвать	136064
114693-V	114693-V-722295	мышца свести	114693
114693-V	114693-V-758770	сводить мышца	114693
9473-V	9473-V-164912	анестезировать	9473
5414-V	5414-V-201515	предупредить беременность	5414
5414-V	5414-V-201514	предупреждать беременность	5414
110237-V	110237-V-162804	побаливать	110237
110237-V	110237-V-137718	заболеть	110237
110237-V	110237-V-702346	поболеть	110237
110237-V	110237-V-176889	разболеться	110237
110237-V	110237-V-133778	болеть	110237
110237-V	110237-V-137717	заболевать	110237
137569-V	137569-V-751586	сердце прихватить	137569
137569-V	137569-V-751587	прихватить сердце	137569
116984-V	116984-V-136764	дергать	116984
116984-V	116984-V-154404	стрельнуть	116984
116984-V	116984-V-112225	стрелять	116984
9635-V	9635-V-146575	перелить	9635
9635-V	9635-V-198663	перелить кровь	9635
9635-V	9635-V-146574	переливать	9635
127631-V	127631-V-142610	мутить	127631
127631-V	127631-V-175422	подташнивать	127631
127631-V	127631-V-175418	тошнить	127631
127631-V	127631-V-183297	затошнить	127631
109636-V	109636-V-149533	прихватывать	109636
109636-V	109636-V-149531	прихватить	109636
5390-V	5390-V-200789	сделать операция	5390
5390-V	5390-V-215837	оперировать больной	5390
5390-V	5390-V-215838	оперировать пациент	5390
5390-V	5390-V-744373	перенести операция	5390
5390-V	5390-V-744374	переносить операция	5390
5390-V	5390-V-747722	лечь под нож	5390
5390-V	5390-V-200788	делать операция	5390
5390-V	5390-V-187541	соперировать	5390
5390-V	5390-V-108095	оперировать	5390
5390-V	5390-V-187540	прооперировать	5390
9444-V	9444-V-743183	вколоть лекарство	9444
9444-V	9444-V-721316	ввести раствор	9444
9444-V	9444-V-726655	сделать укол	9444
9444-V	9444-V-726654	делать укол	9444
9444-V	9444-V-155859	укалывать	9444
9444-V	9444-V-155882	уколоть	9444
9444-V	9444-V-743184	вкалывать лекарство	9444
5137-V	5137-V-714425	производить аборт	5137
5137-V	5137-V-714422	прерывать беременность	5137
5137-V	5137-V-714426	произвести аборт	5137
5137-V	5137-V-714424	сделать аборт	5137
5137-V	5137-V-714423	делать аборт	5137
4780-V	4780-V-145663	отравиться	4780
4780-V	4780-V-145666	отравляться	4780
111428-V	111428-V-752056	перевязать рана	111428
111428-V	111428-V-752057	перевязывать рана	111428
111428-V	111428-V-146385	перевязывать	111428
111428-V	111428-V-146380	перевязать	111428
111428-V	111428-V-683980	наложить повязка	111428
111615-V	111615-V-702349	подхватывать болезнь	111615
111615-V	111615-V-743790	скрутить болезнь	111615
111615-V	111615-V-687877	получить болезнь	111615
111615-V	111615-V-737529	заболеть болезнь	111615
111615-V	111615-V-137718	заболеть	111615
111615-V	111615-V-137717	заболевать	111615
111615-V	111615-V-172119	занемочь	111615
111615-V	111615-V-172120	захворать	111615
111615-V	111615-V-201539	подхватить болезнь	111615
137126-V	137126-V-714222	установить катетер	137126
137126-V	137126-V-714223	устанавливать катетер	137126
137126-V	137126-V-199924	ввести катетер	137126
137126-V	137126-V-199925	вводить катетер	137126
131335-V	131335-V-182691	заикаться	131335
148860-V	148860-V-722704	останавливать кровь	148860
148860-V	148860-V-722700	остановить кровотечение	148860
148860-V	148860-V-722701	останавливать кровотечение	148860
148860-V	148860-V-722702	остановить кровь	148860
125041-V	125041-V-165819	замораживать	125041
125041-V	125041-V-165818	заморозить	125041
119526-V	119526-V-140400	кольнуть	119526
119526-V	119526-V-712019	покалывать	119526
119526-V	119526-V-138039	заколоть	119526
119526-V	119526-V-140378	колоть	119526
118096-V	118096-V-182991	зарубцовываться	118096
118096-V	118096-V-152000	рубцеваться	118096
118096-V	118096-V-138407	зарубцеваться	118096
153162-V	153162-V-747060	наложить гипс	153162
153162-V	153162-V-747057	гипсовать	153162
153162-V	153162-V-747061	накладывать гипс	153162
153162-V	153162-V-747059	загипсовать	153162
4779-V	4779-V-215881	вставлять зуб	4779
4779-V	4779-V-215880	вставить зуб	4779
133567-V	133567-V-155868	укачивать	133567
133567-V	133567-V-155865	укачать	133567
2635-V	2635-V-753522	употреблять наркотик	2635
146536-V	146536-V-707949	накладывать шина	146536
146536-V	146536-V-707946	наложить шина	146536
7514-V	7514-V-139213	иммунизировать	7514
109860-V	109860-V-144349	обсыпать	109860
5177-V	5177-V-166039	реанимировать	5177
5177-V	5177-V-750099	реанимировать пострадавший	5177
137794-V	137794-V-744874	голова раскалываться	137794
137794-V	137794-V-208215	голова трещать	137794
137794-V	137794-V-208214	голова болеть	137794
118812-V	118812-V-149744	прогрессировать	118812
124454-V	124454-V-135701	высыпать	124454
128285-V	128285-V-195933	впадать в беспамятство	128285
128285-V	128285-V-759355	вырубиться	128285
128285-V	128285-V-698385	помутиться	128285
128285-V	128285-V-195934	впасть в беспамятство	128285
128285-V	128285-V-195931	впасть в забытье	128285
128285-V	128285-V-176143	терять сознание	128285
128285-V	128285-V-211567	провалиться в беспамятство	128285
128285-V	128285-V-176145	потерять сознание	128285
128285-V	128285-V-195932	впадать в забытье	128285
128285-V	128285-V-749538	помутиться в голова	128285
128285-V	128285-V-749536	голова помутиться	128285
128285-V	128285-V-749537	помутиться сознание	128285
9767-V	9767-V-673648	делать рентген	9767
9767-V	9767-V-673649	сделать рентген	9767
6962-V	6962-V-182490	пониженный острота слух	6962
7000-V	7000-V-209449	работать сверхурочно	7000
140415-V	140415-V-725654	болезнь осложняться	140415
140415-V	140415-V-719780	осложняться	140415
140415-V	140415-V-719781	осложниться	140415
151774-V	151774-V-745428	привязать к постель	151774
136951-V	136951-V-722313	эвтаназировать	136951
4521-V	4521-V-134133	вакцинировать	4521
4521-V	4521-V-189399	привиться	4521
4521-V	4521-V-149056	привить	4521
4521-V	4521-V-149049	прививать	4521
4521-V	4521-V-189400	прививаться	4521
6961-V	6961-V-182491	пониженный острота зрение	6961
116668-V	116668-V-119544	кашлять	116668
116668-V	116668-V-707673	кашлянуть	116668
116668-V	116668-V-137999	закашлять	116668
111388-V	111388-V-151669	резать	111388
9457-N	9457-N-121613	кожный заболевание	9457
9457-N	9457-N-133774	болезнь кожа	9457
9457-N	9457-N-119820	кожный болезнь	9457
110638-N	110638-N-141561	лихорадка	110638
110638-N	110638-N-729064	лихорадочный состояние	110638
110638-N	110638-N-181311	горячка	110638
150611-N	150611-N-732886	пластика нос	150611
9670-N	9670-N-120668	грибковый заболевание	9670
125041-N	125041-N-165820	замораживание	125041
125041-N	125041-N-120981	местный обезболивание	125041
125041-N	125041-N-120979	местный анестетика	125041
125041-N	125041-N-182719	заморозка	125041
2635-N	2635-N-753521	употребление наркотик	2635
2635-N	2635-N-125353	потребление наркотик	2635
2635-N	2635-N-125365	наркотоксикомания	2635
2635-N	2635-N-125332	наркозависимость	2635
2635-N	2635-N-202717	наркоманизация	2635
2635-N	2635-N-125361	наркотический зависимость	2635
2635-N	2635-N-107204	наркомания	2635
2635-N	2635-N-756702	зависимость от наркотик	2635
2635-N	2635-N-119091	злоупотребление наркотический средство	2635
144833-N	144833-N-686857	вегето-сосудистый дистония	144833
126757-N	126757-N-119846	цирроз	126757
129454-N	129454-N-160289	свищ	129454
6481-N	6481-N-123570	врожденный патология	6481
118096-N	118096-N-734877	рубцевание рана	118096
136989-N	136989-N-199355	климатолечение	136989
140415-N	140415-N-719788	осложненный течение	140415
140415-N	140415-N-162543	осложнение	140415
140415-N	140415-N-209744	осложнение болезнь	140415
4955-N	4955-N-108264	острый кишечный инфекция	4955
4955-N	4955-N-115808	острый кишечный заболевание	4955
4955-N	4955-N-104872	кишечный инфекционный заболевание	4955
5414-N	5414-N-117532	профилактика беременность	5414
5414-N	5414-N-109611	предупреждение беременность	5414
10085-N	10085-N-122190	мануальный терапия	10085
9767-N	9767-N-704546	рентгеновский просвечивание	9767
9767-N	9767-N-704539	рентгеновский диагностика	9767
9767-N	9767-N-704547	радиография	9767
9767-N	9767-N-191031	рентген	9767
9767-N	9767-N-704542	радиодиагностика	9767
9767-N	9767-N-704543	рентгенографирование	9767
9767-N	9767-N-121422	рентгенодиагностика	9767
9767-N	9767-N-704541	рентгенологический диагностика	9767
9767-N	9767-N-124282	рентгенологический исследование	9767
9767-N	9767-N-121424	рентгеноскопия	9767
9767-N	9767-N-704545	радиографический исследование	9767
9767-N	9767-N-121785	лучевой диагностика	9767
9767-N	9767-N-704544	рентгеносъемка	9767
112643-N	112643-N-139869	катар желудок	112643
130761-N	130761-N-181508	олигофрен	130761
130761-N	130761-N-181509	даун	130761
130761-N	130761-N-181510	дебил	130761
130761-N	130761-N-191268	дебилка	130761
10199-N	10199-N-123831	болезнь печень	10199
144031-N	144031-N-714685	аутистический мышление	144031
3949-N	3949-N-188706	психический нездоровье	3949
3949-N	3949-N-110238	психический заболевание	3949
3949-N	3949-N-188707	психический недуг	3949
3949-N	3949-N-188704	психический недостаток	3949
3949-N	3949-N-122221	психический болезнь	3949
3949-N	3949-N-165265	психзаболевание	3949
3949-N	3949-N-679012	отклонение в психика	3949
3949-N	3949-N-107564	нервно-психический расстройство	3949
3949-N	3949-N-118804	нервно-психический отклонение	3949
3949-N	3949-N-118991	нервный расстройство	3949
3949-N	3949-N-760473	душевный расстройство	3949
3949-N	3949-N-103477	душевный заболевание	3949
3949-N	3949-N-103475	душевный болезнь	3949
3949-N	3949-N-688926	психопатология	3949
3949-N	3949-N-669629	расстройство психика	3949
3949-N	3949-N-105825	психоневрологический расстройство	3949
3949-N	3949-N-110256	психоневрологический заболевание	3949
5801-N	5801-N-113380	умственный расстройство	5801
5802-N	5802-N-213471	проблема в развитие	5802
5802-N	5802-N-213472	отклонение в развитие	5802
5802-N	5802-N-115581	нарушение умственный развитие	5802
5802-N	5802-N-213983	малоумие	5802
5802-N	5802-N-756031	задержка в развитие	5802
5390-N	5390-N-144786	операция	5390
5390-N	5390-N-113988	хирургический операция	5390
5390-N	5390-N-113990	хирургический лечение	5390
5390-N	5390-N-749313	оперирование	5390
5390-N	5390-N-120094	хирургический метод	5390
5390-N	5390-N-170749	оперативный вмешательство	5390
5390-N	5390-N-122245	хирургический коррекция	5390
5390-N	5390-N-120121	хирургический помощь	5390
7506-N	7506-N-102018	воспаление мозг	7506
110392-N	110392-N-188705	психический неполноценность	110392
110392-N	110392-N-188708	психический невменяемость	110392
153162-N	153162-N-115814	гипсование	153162
111388-N	111388-N-712020	режущий боль	111388
111388-N	111388-N-151703	резь	111388
142786-N	142786-N-699417	травматический синдром	142786
142786-N	142786-N-699416	травматический невроз	142786
142786-N	142786-N-669633	посттравматический невроз	142786
142786-N	142786-N-683869	посттравматический расстройство	142786
142973-N	142973-N-103452	дренаж	142973
142973-N	142973-N-670595	медицинский дренаж	142973
108134-N	108134-N-721406	шоковый состояние	108134
108134-N	108134-N-721408	нервный шок	108134
108134-N	108134-N-153775	состояние шок	108134
8802-N	8802-N-119723	почечный колика	8802
5137-N	5137-N-714427	производство аборт	5137
111256-N	111256-N-121272	невротический состояние	111256
111256-N	111256-N-118805	невротический срыв	111256
111256-N	111256-N-120096	невротический расстройство	111256
137126-N	137126-N-199923	введение катетер	137126
137126-N	137126-N-199922	катетеризация	137126
6004-N	6004-N-206091	детский паралич	6004
141542-N	141542-N-213980	старческий маразм	141542
141542-N	141542-N-213979	старческий слабоумие	141542
141542-N	141542-N-676760	старческий деменция	141542
4277-N	4277-N-108266	острый облучение	4277
4277-N	4277-N-106042	лучевой болезнь	4277
7393-N	7393-N-119840	артеросклероз	7393
6041-N	6041-N-215714	воспаление мозговой оболочка	6041
135771-N	135771-N-732524	провал память	135771
135771-N	135771-N-732525	расстройство память	135771
8187-N	8187-N-138926	иглоукалывание	8187
8187-N	8187-N-167945	иглорефлексотерапия	8187
8187-N	8187-N-104081	иглотерапия	8187
143084-N	143084-N-671701	искривление спина	143084
7390-N	7390-N-724936	кардиологический заболевание	7390
7390-N	7390-N-707709	заболевание сердце	7390
7390-N	7390-N-709292	сердечный болезнь	7390
7390-N	7390-N-709293	сердечный заболевание	7390
9337-N	9337-N-199564	заболевание желудочно-кишечный тракт	9337
9337-N	9337-N-118923	желудочно-кишечный заболевание	9337
9337-N	9337-N-209644	заболевание орган пищеварение	9337
9337-N	9337-N-182524	болезнь орган пищеварение	9337
9337-N	9337-N-125007	желудочный заболевание	9337
9337-N	9337-N-140059	кишечный заболевание	9337
1054-N	1054-N-104372	инфекционный заболевание	1054
1054-N	1054-N-101345	карантинный болезнь	1054
1054-N	1054-N-124151	карантинный инфекция	1054
1054-N	1054-N-121924	эпидемиологический заболевание	1054
1054-N	1054-N-121927	эпидемический заболевание	1054
1054-N	1054-N-138380	зараза	1054
1054-N	1054-N-103858	заразный болезнь	1054
1054-N	1054-N-120135	заразный заболевание	1054
1054-N	1054-N-104371	инфекционный болезнь	1054
144269-N	144269-N-681197	желтушность	144269
110165-N	110165-N-147005	пилюля	110165
110165-N	110165-N-710667	таблеточка	110165
9677-N	9677-N-121896	лекарственный коррекция	9677
9677-N	9677-N-121808	медикаментозный коррекция	9677
9677-N	9677-N-105722	лекарственный помощь	9677
9677-N	9677-N-724956	фармакотерапия	9677
146388-N	146388-N-112091	стафилококк	146388
146388-N	146388-N-705475	патогенный стафилококк	146388
5627-N	5627-N-116546	легочный патология	5627
8658-N	8658-N-115939	наследственный патология	8658
8658-N	8658-N-107277	наследственный генез	8658
8658-N	8658-N-116965	генетический нарушение	8658
8658-N	8658-N-118850	генетический порок	8658
8658-N	8658-N-102069	врожденный заболевание	8658
8658-N	8658-N-120057	наследственный предрасположенность	8658
8658-N	8658-N-121759	медико-генетический нарушение	8658
110393-N	110393-N-685166	психопатический расстройство	110393
110393-N	110393-N-150493	психопатия	110393
110398-N	110398-N-721631	истерический расстройство	110398
9484-N	9484-N-119354	кровоизлияние в мозг	9484
133567-N	133567-N-188049	синдром укачивание	133567
133567-N	133567-N-155867	укачивание	133567
133567-N	133567-N-188047	вестибуло-вегетативный неустойчивость	133567
133567-N	133567-N-188048	нарушение вестибулярный аппарат	133567
133567-N	133567-N-188051	расстройство вестибулярный функция	133567
133567-N	133567-N-188046	болезнь передвижение	133567
118812-N	118812-N-671672	прогрессирование болезнь	118812
118812-N	118812-N-149743	прогрессирование	118812
132005-N	132005-N-213298	запор кишечник	132005
132005-N	132005-N-184216	задержка стул	132005
9483-N	9483-N-159970	бесплодность	9483
9612-N	9612-N-685010	искусственный вентиляция легкое	9612
6961-N	6961-N-123489	дефект зрение	6961
6961-N	6961-N-120863	снижение зрение	6961
137435-N	137435-N-118477	иммунопатология	137435
137435-N	137435-N-201290	болезнь иммунный система	137435
120996-N	120996-N-719388	кровяной тромб	120996
5882-N	5882-N-202399	инвазионный болезнь	5882
5882-N	5882-N-116847	паразитоз	5882
5882-N	5882-N-108463	паразитарный болезнь	5882
5882-N	5882-N-202401	заражение паразит	5882
5882-N	5882-N-108464	паразитный болезнь	5882
10054-N	10054-N-120205	дцп	10054
112698-N	112698-N-205605	паршивость	112698
112698-N	112698-N-205611	шелудивость	112698
9856-N	9856-N-139796	кардиограмма	9856
140373-N	140373-N-741510	фенамин	140373
114990-N	114990-N-148077	половой стерилизация	114990
109728-N	109728-N-138379	заражение кровь	109728
116984-N	116984-N-729852	дергующий боль	116984
9635-N	9635-N-121689	трансфузионный терапия	9635
9635-N	9635-N-121753	трансфузия	9635
5177-N	5177-N-692024	интенсивный терапия	5177
5177-N	5177-N-750100	реанимация больной	5177
5177-N	5177-N-173466	реанимирование	5177
5177-N	5177-N-750098	реанимация пострадавший	5177
5177-N	5177-N-750097	реанимация пациент	5177
5177-N	5177-N-142041	медицинский реанимация	5177
5177-N	5177-N-750096	курс интенсивный терапия	5177
6044-N	6044-N-692031	ревматологический заболевание	6044
9014-N	9014-N-143182	нарыв	9014
9014-N	9014-N-136121	гнойник	9014
9014-N	9014-N-117512	гнойный воспаление	9014
9014-N	9014-N-117523	гнойно-септический заболевание	9014
616-N	616-N-156837	хворь	616
616-N	616-N-106281	медицинский патология	616
616-N	616-N-103680	заболевание человек	616
616-N	616-N-107470	недуг	616
616-N	616-N-174280	нездоровье	616
616-N	616-N-737136	болячка	616
616-N	616-N-118922	общесоматический заболевание	616
616-N	616-N-156832	хвороба	616
616-N	616-N-156836	хворость	616
133167-N	133167-N-187072	медицинский анализ	133167
133167-N	133167-N-187070	клинический анализ	133167
4046-N	4046-N-105856	лечебно-профилактический помощь	4046
4046-N	4046-N-179841	профилактический осмотр	4046
4046-N	4046-N-120775	лечебно-профилактический услуга	4046
4046-N	4046-N-753406	профилактика заболевание	4046
4046-N	4046-N-753404	профилактика болезнь	4046
4046-N	4046-N-106285	медицинский профилактика	4046
4046-N	4046-N-124062	медико-профилактический дело	4046
4046-N	4046-N-120923	медико-профилактический мероприятие	4046
4046-N	4046-N-120773	лечебно-профилактический обслуживание	4046
4046-N	4046-N-120774	лечебно-профилактический деятельность	4046
4046-N	4046-N-105857	лечебно-профилактический работа	4046
4046-N	4046-N-117001	лечебно-профилактический мероприятие	4046
4046-N	4046-N-110195	профилактический медицина	4046
4046-N	4046-N-120771	лечебно-оздоровительный работа	4046
4046-N	4046-N-120770	лечебно-оздоровительный мероприятие	4046
4521-N	4521-N-101283	вакцинопрофилактика	4521
4521-N	4521-N-109737	прививка	4521
4521-N	4521-N-110196	профилактический прививка	4521
4780-N	4780-N-720006	отравление ядовитый вещество	4780
4780-N	4780-N-702249	токсикация	4780
122264-N	122264-N-140321	колики	122264
2046-N	2046-N-122047	инфекционно-вирусный болезнь	2046
2046-N	2046-N-691499	инфекционно-вирусный заболевание	2046
2046-N	2046-N-134544	вирусный заболевание	2046
2046-N	2046-N-101551	вирусный болезнь	2046
109636-N	109636-N-149452	приступ болезнь	109636
109636-N	109636-N-687695	пароксизм	109636
7782-N	7782-N-684524	искусственный инсеминация	7782
7782-N	7782-N-710870	пробирочный оплодотворение	7782
7782-N	7782-N-116328	трансплантация эмбрион	7782
7782-N	7782-N-684523	перенос эмбрион в полость матка	7782
7782-N	7782-N-104199	имплантация эмбрион	7782
7782-N	7782-N-115752	зачатие в пробирка	7782
7782-N	7782-N-710871	оплодотворение в пробирка	7782
4740-N	4740-N-121789	диабет	4740
4740-N	4740-N-211899	сахарный болезнь	4740
146536-N	146536-N-707952	шинный повязка	146536
9415-N	9415-N-726677	воспаление почка	9415
9725-N	9725-N-124071	медицинский манипуляция	9725
9725-N	9725-N-165794	процедура	9725
9725-N	9725-N-122219	амбулаторный процедура	9725
9725-N	9725-N-121766	лечебный манипуляция	9725
9725-N	9725-N-121799	лечебный процедура	9725
111475-N	111475-N-673698	обменный нарушение	111475
111475-N	111475-N-673699	нарушение обмен	111475
9402-N	9402-N-122415	астматический состояние	9402
9608-N	9608-N-182521	полный потеря зрение	9608
151334-N	151334-N-744019	сахароснижающий препарат	151334
151334-N	151334-N-735837	инсулиновый препарат	151334
135768-N	135768-N-726166	навязчивый страх	135768
4845-N	4845-N-132880	алкоголичка	4845
4845-N	4845-N-758342	забулдыга	4845
4845-N	4845-N-685189	пропойца	4845
4845-N	4845-N-169280	алкаш	4845
4845-N	4845-N-194769	алконавт	4845
4845-N	4845-N-191153	пьянчужка	4845
4845-N	4845-N-176854	пьянчуга	4845
4845-N	4845-N-715079	больной алкоголизм	4845
4845-N	4845-N-110309	пьяница	4845
4845-N	4845-N-191152	алкашка	4845
4845-N	4845-N-715163	лицо с алкогольный зависимость	4845
9905-N	9905-N-155223	траволечение	9905
123981-N	123981-N-707477	язвочка	123981
142000-N	142000-N-215404	лечение минеральный вода	142000
142000-N	142000-N-118426	бальнеолечение	142000
113571-N	113571-N-134695	водолечение	113571
4391-N	4391-N-165384	раковый образование	4391
4391-N	4391-N-115388	раковый опухоль	4391
4391-N	4391-N-720090	недоброкачественный образование	4391
4391-N	4391-N-720089	недоброкачественный опухоль	4391
4391-N	4391-N-115278	злокачественный образование	4391
4391-N	4391-N-690810	раковый новообразование	4391
136064-N	136064-N-195311	блевота	136064
136064-N	136064-N-722161	сташнивать	136064
136064-N	136064-N-195309	блевать	136064
136064-N	136064-N-195310	блевание	136064
136064-N	136064-N-726090	рвотный акт	136064
10192-N	10192-N-196586	воспаление предстательный железа	10192
10192-N	10192-N-688401	воспаление простата	10192
144943-N	144943-N-688627	воспаление вена	144943
125387-N	125387-N-744516	бородавка на кожа	125387
3338-N	3338-N-104883	клещевой энцефалит	3338
110367-N	110367-N-148244	понос	110367
110367-N	110367-N-722697	расстройство стул	110367
124613-N	124613-N-189827	мышечный некроз	124613
124613-N	124613-N-187794	отмирание	124613
124613-N	124613-N-168847	омертвение	124613
124613-N	124613-N-189826	некроз ткань	124613
4779-N	4779-N-104076	зубопротезный помощь	4779
4779-N	4779-N-122308	зуботехнический работа	4779
4779-N	4779-N-215883	вставление зуб	4779
4779-N	4779-N-104074	зубной протезирование	4779
4779-N	4779-N-104075	зубопротезирование	4779
4779-N	4779-N-705429	протезирование зуб	4779
114870-N	114870-N-150283	простукивание	114870
114870-N	114870-N-196330	выстукивание	114870
4392-N	4392-N-108141	опухоль	4392
142357-N	142357-N-181600	депрессивность	142357
142357-N	142357-N-719530	нервный депрессия	142357
1056-N	1056-N-104190	иммунодефицит человек	1056
1056-N	1056-N-712038	вич спид	1056
1056-N	1056-N-117578	синдром приобрести иммунодефицит	1056
110237-N	110237-N-720070	чувство боль	110237
110237-N	110237-N-122787	физический боль	110237
110237-N	110237-N-720073	ощущение боль	110237
110237-N	110237-N-123143	физический страдание	110237
9489-N	9489-N-679757	воспаление поджелудочный железа	9489
8804-N	8804-N-116327	простудный заболевание	8804
9023-N	9023-N-118905	малярийный инфекция	9023
125067-N	125067-N-746531	перебой в ритм сердце	125067
125067-N	125067-N-746533	перебой в работа сердце	125067
8159-N	8159-N-723986	гомеопатический лечение	8159
8159-N	8159-N-196582	гомеотерапия	8159
141541-N	141541-N-213981	синдром альцгеймер	141541
4325-N	4325-N-685086	отравление пищевой продукт	4325
4325-N	4325-N-685085	отравление пища	4325
4325-N	4325-N-685087	отравление продукт питание	4325
4325-N	4325-N-745293	токсикоинфекция	4325
109068-N	109068-N-122413	аллергологический реакция	109068
109068-N	109068-N-120651	аллергический заболевание	109068
151774-N	151774-N-738599	лежачий больной	151774
124454-N	124454-N-741807	появление сыпь	124454
8509-N	8509-N-115496	ишемический болезнь	8509
9473-N	9473-N-123597	анестезирование	9473
9473-N	9473-N-681010	анестезирующий действие	9473
109334-N	109334-N-707697	прыщик	109334
133856-N	133856-N-188711	речевой нарушение	133856
133856-N	133856-N-182520	дефект речь	133856
133856-N	133856-N-741560	речевой расстройство	133856
9400-N	9400-N-214399	минусовой зрение	9400
8883-N	8883-N-116919	стоматологический помощь	8883
8883-N	8883-N-210407	зубоврачебный дело	8883
8883-N	8883-N-679464	лечение заболевание полость рот	8883
126870-N	126870-N-199333	кондом	126870
109990-N	109990-N-136470	грудной жаба	109990
9407-N	9407-N-119686	гипертонический болезнь	9407
110468-N	110468-N-217332	параноидальный психоз	110468
3729-N	3729-N-747426	омертвение конечность	3729
124017-N	124017-N-167689	гельминт	124017
124017-N	124017-N-136061	глиста	124017
136318-N	136318-N-723375	почечный гемодиализ	136318
136318-N	136318-N-196876	диализ почка	136318
6259-N	6259-N-111164	миеломный болезнь	6259
6259-N	6259-N-110529	рака кровь	6259
6259-N	6259-N-100899	белокровие	6259
111428-N	111428-N-146384	перевязывание	111428
111428-N	111428-N-146383	перевязка	111428
119526-N	119526-N-183945	колотье	119526
146293-N	146293-N-704778	болезнетворный организм	146293
146293-N	146293-N-705250	возбудитель инфекция	146293
146293-N	146293-N-101907	возбудитель инфекционный болезнь	146293
146293-N	146293-N-138380	зараза	146293
146293-N	146293-N-121018	патогенный микроорганизм	146293
146293-N	146293-N-121019	болезнетворный микроорганизм	146293
8510-N	8510-N-155361	триппер	8510
109331-N	109331-N-709494	мокнущий лишай	109331
138079-N	138079-N-697868	фейслифтинг	138079
4359-N	4359-N-136954	дифтерит	4359
1062-N	1062-N-106266	медико-санитарный помощь	1062
1062-N	1062-N-187069	услуга здравоохранение	1062
1062-N	1062-N-121767	медицинский мера	1062
1062-N	1062-N-102049	врачебный помощь	1062
1062-N	1062-N-106313	медицинский уход	1062
1062-N	1062-N-120924	медико-оздоровительный услуга	1062
1062-N	1062-N-204004	медицинский обеспечение	1062
1062-N	1062-N-106282	медицинский помощь	1062
1062-N	1062-N-106322	медицинский обслуживание	1062
1062-N	1062-N-106276	медицинский деятельность	1062
1062-N	1062-N-106336	медобслуживание	1062
1062-N	1062-N-120929	медпомощь	1062
1062-N	1062-N-179891	медуслуга	1062
1062-N	1062-N-106294	медицинский услуга	1062
148386-N	148386-N-720121	чувство тяжесть	148386
148386-N	148386-N-720123	болезненный тяжесть	148386
148386-N	148386-N-155560	тяжесть	148386
109812-N	109812-N-195400	воспаление брюшина	109812
136417-N	136417-N-196826	воспаление кожа	136417
148622-N	148622-N-721401	кислородный терапия	148622
148622-N	148622-N-721400	кислородотерапия	148622
129698-N	129698-N-134161	ванна	129698
147471-N	147471-N-123569	врожденный порок	147471
114693-N	114693-N-153862	спазма	114693
9869-N	9869-N-121791	грыжевой выпячивание	9869
133287-N	133287-N-187448	прямой массаж сердце	133287
148860-N	148860-N-722703	остановка кровь	148860
6962-N	6962-N-752094	пониженный слух	6962
6962-N	6962-N-214466	понижение острота слух	6962
6962-N	6962-N-178517	ослабление слух	6962
6962-N	6962-N-752093	нарушенный слух	6962
6962-N	6962-N-116319	дефект слух	6962
7000-N	7000-N-110317	работа в сверхурочный время	7000
4705-N	4705-N-110230	психиатрический экспертиза	4705
2283-N	2283-N-736273	хронический течение	2283
2283-N	2283-N-114105	хронический болезнь	2283
141880-N	141880-N-214959	газ в кишечник	141880
113976-N	113976-N-152407	светолечение	113976
7514-N	7514-N-104195	иммунопрофилактика	7514
7918-N	7918-N-122059	психотерапевтический помощь	7918
4035-N	4035-N-108073	онкологический заболевание	4035
4035-N	4035-N-690807	онкологический процесс	4035
4035-N	4035-N-690809	раковый процесс	4035
4035-N	4035-N-110554	раковый заболевание	4035
4035-N	4035-N-690808	онкопроцесс	4035
4035-N	4035-N-121787	злокачественный процесс	4035
4035-N	4035-N-139698	канцер	4035
4035-N	4035-N-165070	онкозаболевание	4035
111236-N	111236-N-103476	душевнобольной	111236
111236-N	111236-N-191666	психопатка	111236
111236-N	111236-N-184709	психический больной человек	111236
111236-N	111236-N-150489	психический больной	111236
137082-N	137082-N-199709	чешуйчатый лишай	137082
153540-N	153540-N-749500	упражнение для растяжка	153540
153540-N	153540-N-749499	упражнение на растяжка	153540
8161-N	8161-N-188489	инфлюэнца	8161
144274-N	144274-N-736457	доброкачественный образование	144274
144274-N	144274-N-161613	доброкачественность	144274
144274-N	144274-N-681202	доброкачественный опухоль	144274
6087-N	6087-N-119475	нейтронный терапия	6087
6087-N	6087-N-119245	медицинский рентгенорадиологический процедура	6087
6087-N	6087-N-106319	медицинский облучение	6087
128086-N	128086-N-725862	полип слизистый оболочка	128086
108862-N	108862-N-167895	воспалительный процесс	108862
9444-N	9444-N-196640	вливание	9444
9444-N	9444-N-721315	введение раствор	9444
9444-N	9444-N-729787	инъекция лекарство	9444
9444-N	9444-N-742692	укольчик	9444
9444-N	9444-N-155881	укол	9444
9224-N	9224-N-691498	респираторный вирусный заболевание	9224
9224-N	9224-N-118404	острый респираторный заболевание	9224
9224-N	9224-N-691494	острый респираторный вирусный заболевание	9224
9224-N	9224-N-691495	респираторно-вирусный инфекция	9224
9224-N	9224-N-122124	острый респираторный инфекция	9224
9224-N	9224-N-691493	острый респираторный вирусный инфекция	9224
9224-N	9224-N-182510	орви	9224
9224-N	9224-N-182509	орв	9224
9224-N	9224-N-122282	респираторно-вирусный заболевание	9224
9224-N	9224-N-691497	респираторный вирусный инфекция	9224
109003-N	109003-N-206099	ячмень на глаз	109003
109003-N	109003-N-726491	глазной ячмень	109003
9456-N	9456-N-119818	несвертываемость кровь	9456
128285-N	128285-N-737718	провал в сознание	128285
137887-N	137887-N-727605	губной герпес	137887
137887-N	137887-N-141561	лихорадка	137887
137887-N	137887-N-202774	простуда на губа	137887
9239-N	9239-N-118625	свинка	9239
8764-N	8764-N-116420	проказа	8764
