sentences,EF,INF,ADR,DI,Finding,annotation,review_id,sentence_id,p_EF,p_INF,p_ADR,p_DI,p_Finding
"Стала нервной, капризной, чуть что -сразу визг, к бабушкам и дедушкам не идет, все рядом со мной да на ручках... Тяжело( А ведь перед яслями это был активный, общительный и жизнерадостный малыш... Врачи посоветовали попить успокоительное.",0,0,0,1,1,DI[3]|Finding[1],252298,4,0.013945353217422962,0.015035524033010006,0.9541228413581848,0.2202579379081726,0.23311875760555267
"После недельного приема дочурка легче стала оставаться в саду, и хоть мы все равно еще плачем там, процесс привыкания идет немного легче.",1,0,0,0,0,EF[2],252298,7,0.10125461965799332,0.10639578849077225,0.37261438369750977,0.36791831254959106,0.3116806149482727
"Очень радует то, что таблетки не горькие, я растворяю их в воде и дочка без проблем их пьет не запивая водой.",0,0,0,0,0,NEUTRAL,252298,8,0.1666545271873474,0.17066892981529236,0.3587167263031006,0.38223227858543396,0.3729689121246338
"И так с появление ребенка в нашей семье и частыми простудными и вирусными заболеваниями в нашей аптечке надолго и крепко поселился ""Афлубин"".",0,0,0,1,0,DI[1],2457636,2,0.017132531851530075,0.016352901235222816,0.15959246456623077,0.31988096237182617,0.21546129882335663
"Болезнь немного отступала, но потом с новой силой приходила и уже не какой ""Афлубин"" не помогал (хотя и пили мы его для профилактики по целому месяцу).",0,1,0,1,0,INF[3]|DI[2],2457636,5,0.01768537051975727,0.02096768468618393,0.25350862741470337,0.33606040477752686,0.1678117960691452
Иногда казалось что вирусы привыкли к лекарству и попросту на него не реагируют.,0,1,0,0,0,INF[4],2457636,6,0.07691170275211334,0.07975350320339203,0.2554258108139038,0.3776759207248688,0.31640174984931946
Ну как сказать не совсем и бесполезный но нам при длительном использовании перестал помогать вообще.,0,0,0,0,0,NEUTRAL,2457636,1,0.07528403401374817,0.07697133719921112,0.2458820939064026,0.39198973774909973,0.31159448623657227
Я перепрбовала очень много средсвт от простуды.,0,0,0,1,0,DI[1],902248,1,0.026630965992808342,0.027821261435747147,0.2140936255455017,0.37732839584350586,0.2137289047241211
Но эффекта было ноль.,0,1,0,0,0,INF[2],902248,4,0.06050891801714897,0.06371940672397614,0.267551064491272,0.3712906241416931,0.26621899008750916
Но на себе его действия я не обнаружила.,0,1,0,0,0,INF[3],902248,13,0.11174971610307693,0.11726203560829163,0.37928685545921326,0.3901517689228058,0.26785480976104736
Общее впечатление : Мне не помогает.Не нравится.,0,1,0,0,0,INF[4],902248,17,0.028984831646084785,0.029897257685661316,0.19129633903503418,0.3651721477508545,0.21505038440227509
Ппри первых симптомах я принимаю порошки.,0,0,0,0,0,NEUTRAL,902248,2,0.02232549339532852,0.02365260384976864,0.19354349374771118,0.3303676247596741,0.16038133203983307
"После удаления небольшой паппиломы на лице (которая появилась повторно спустя 6 месяцев), дерматолог упомянула этот препарат, сказала, можно попробовать.",0,0,0,1,0,DI[5],1410682,1,0.09003584831953049,0.0941479280591011,0.28295260667800903,0.44827744364738464,0.32672613859176636
"Но через какое-то время паппилома на лице снова стала возвращаться, да и еще на пальцах рук стали появляться небольшие новообразования.",0,0,0,1,0,DI[8],1410682,3,0.15509624779224396,0.18966904282569885,0.5325560569763184,0.4210624098777771,0.33461952209472656
Помог на 120%!,1,0,0,0,0,EF[4],1410682,6,0.03963050618767738,0.0423695407807827,0.20991812646389008,0.37829309701919556,0.22536735236644745
"Бесследно прошла паппилома на лице, прошли новообразования на пальцах рук + прошла бородавка на подушечке указательного пальца, которая была со мной уже лет 10-15.",1,0,0,1,1,EF[1]|DI[2]|Finding[6],1410682,7,0.017123058438301086,0.02248198539018631,0.857420027256012,0.28429490327835083,0.08986157923936844
Из побочных действий у меня были головная боль и сонливость.,0,0,1,0,0,ADR[3],1410682,9,0.08085952699184418,0.08908853679895401,0.36570683121681213,0.4099375605583191,0.24117298424243927
Немного стали выпадать волосы (может не из-за этого).,0,0,1,0,0,ADR[7],1410682,10,0.0170443095266819,0.022907188162207603,0.3072884976863861,0.40604835748672485,0.14591330289840698
Не жалею и только рада!,0,0,0,0,0,NEUTRAL,1410682,12,0.04669704660773277,0.04982742294669151,0.6625536680221558,0.22660259902477264,0.14273032546043396
"Приняла полтаблетки за полчаса до сна, заснула, как будто провалилась куда-то... через час открылись глаза и началось, тело горит, во рту пересохло, язык к небу прилипает, встала такая вялость.",0,0,1,0,0,ADR[1],828011,2,0.012708759866654873,0.015875497832894325,0.9538470506668091,0.18646155297756195,0.08476573973894119
"В итоге выпиоа Полисорб, чтобы промыться.",0,0,0,0,0,NEUTRAL,828011,3,0.01864883489906788,0.021375644952058792,0.13283424079418182,0.4411361515522003,0.18156631290912628
"Я очень часто болею простудными заболеваниями, поэтому покупаю разные противовирусные средства.",0,0,0,1,0,DI[1],2670520,3,0.11326902359724045,0.11477092653512955,0.33174067735671997,0.3666622042655945,0.3054545223712921
"Мазь нужно закладывать в каждую ноздрю на несколько часов, но обычно через минут 15-20 начинаются сильные выделения из носа и приходится его очищать.",0,0,0,1,0,DI[3],2670520,6,0.11450348794460297,0.11930771917104721,0.37750276923179626,0.3607742488384247,0.2953828275203705
С ее помощью насморк быстрее проходит.,1,0,0,1,0,EF[2]|DI[4],2670520,8,0.04840676859021187,0.05204415321350098,0.37286633253097534,0.33346137404441833,0.16946786642074585
"Мазь имеет удобную упаковку, с широкой крышечкой, которая плотно закрывается, густую консистенцию, я использую ее ватной палочкой.",0,0,0,0,0,NEUTRAL,2670520,5,0.12445233017206192,0.12826035916805267,0.3498774766921997,0.368608683347702,0.3203139901161194
"На следующее утро появились высыпания на лице и руках, похожие на комариные укусы.",0,0,1,0,0,ADR[1],2388814,2,0.043324414640665054,0.05205467343330383,0.39007803797721863,0.3978326916694641,0.20373457670211792
После отмены сыпь проходила медленно.,0,0,1,0,0,ADR[2],2388814,5,0.01808805577456951,0.02085372805595398,0.21607902646064758,0.37554699182510376,0.1561409831047058
Один-два комарика такое сделать не смогли бы.,0,0,0,0,0,NEUTRAL,2388814,3,0.02037683315575123,0.02355995774269104,0.16185805201530457,0.42341679334640503,0.2132004052400589
Кстати таблетки помогли несколько уменьшить симптомы болезни.,1,0,0,0,0,EF[1],2732826,6,0.04888539761304855,0.04991355165839195,0.2561255395412445,0.3533247113227844,0.2436804473400116
"Данные таблетки идут как антибиотик, точнее противовирусное средство.",0,0,0,0,0,NEUTRAL,2732826,3,0.0391678549349308,0.042194515466690063,0.1646265685558319,0.4199022054672241,0.2513933777809143
"Если бы лежала дома и болела, то и не заметила бы побочных эффектов, а именно сонливость, когда лежала в следующий раз дома при ОРВИ, то спала отлично.",0,0,1,1,0,ADR[3]|DI[1],2800633,4,0.07158245146274567,0.07922972738742828,0.3946818709373474,0.3651541471481323,0.2700349986553192
"Но если Вы болезнь переносите на ногах, то это не Ваше средство и не дай Бог, если за рулём транспортного средства, предупреждение на упаковке есть... Так как я болезнь переносила на ногах, то выпив в течение рабочего дня 2 таблетки, через час после применения последней меня начало ""вырубать"" в маршрутном такси, пришлось себя щипать за руку)))) В своей жизни применяла 2 раза лично для себя, членам своей семьи не давала вообще.",0,0,1,0,0,ADR[2],2800633,5,0.066834956407547,0.07045651227235794,0.4860304892063141,0.34389588236808777,0.3070180118083954
"В сотаве препарата: парацетамол, цетиризин гидрохлорид, хлорфенирамин малеат, декстрометорфан гидробромид.",0,0,0,0,0,NEUTRAL,2800633,3,0.019998757168650627,0.02314285933971405,0.0769905224442482,0.5594872236251831,0.28222334384918213
"Болею я довольно часто, и приходится как-то бороться с простудой.",0,0,0,1,0,DI[2],2492997,1,0.07880114763975143,0.08689920604228973,0.3241654932498932,0.39206162095069885,0.24919229745864868
"""Альтабор"" я стала использовать при простуде постоянно и вот мои наблюдения: - действует медленно, то есть, тем людям, которые ходят на работу и требуют быстрого обесболивающего эффекта, такой препарат не подойдет; - говоря об обесболивании - в этом плане препарат не работает практически никак - только постепенное лечение; - состав, безусловно, порадовал - на травах и только скрепляющие компоненты, что крайне подходит для лечения; Общее лечение длится до 5 дней - за это время боль в горле проходит полностью и воспаление тоже.",1,1,0,1,0,INF[4]|EF[3]|DI[1],2492997,3,0.03197545185685158,0.03007880039513111,0.22440803050994873,0.3001149892807007,0.2627306580543518
"А так как свекровь - фармацевт, то у меня дома вседа лучшие препараты для лечения в самые болезненные периоды.",0,0,0,0,0,NEUTRAL,2492997,2,0.09166189283132553,0.09310425817966461,0.27433088421821594,0.3652888536453247,0.3700476884841919
"Когда заболела ОРВИ и поделилась этой новостью с двоюродной сестрой, та подогнала мне пару пачек ""Ангрикапс Максима"".",0,0,0,1,0,DI[4],2433935,1,0.04904477298259735,0.04949911683797836,0.19585563242435455,0.40866270661354065,0.3120390474796295
"Для меня это лекарство оказалось абсолютно бесполезным, как мертвому припарка.",0,1,0,0,0,INF[5],2433935,3,0.09351351857185364,0.0976782888174057,0.31491345167160034,0.4121273458003998,0.2635263502597809
"Оно абсолютно не сбивает температуру 39, и другие симптомы гриппа не убирает, облегчения никакого.",0,1,0,1,0,INF[1]|DI[6],2433935,4,0.016525711864233017,0.017969701439142227,0.1684708446264267,0.3900821805000305,0.18111275136470795
"Когда я почувствовала легкое недомогание и ощущение того, что болезнь надвигается начала прием ангрикапса.",0,0,0,1,0,DI[3],2433935,8,0.02060285210609436,0.023551825433969498,0.21965834498405457,0.3904277980327606,0.19661809504032135
"Жаль, никакой помощи не последовало, болезнь прогрессировала.",0,1,0,0,0,INF[2],2433935,9,0.03760314732789993,0.04510681703686714,0.561385989189148,0.30054548382759094,0.13055478036403656
"Так и валяются остатки этих капсул в аптечке, нужно будет выкинуть.",0,0,0,0,0,NEUTRAL,2433935,10,0.037908174097537994,0.04352399334311485,0.28361940383911133,0.4114569127559662,0.17373141646385193
"Было красное горло, и температура.",0,0,0,1,0,DI[7],826379,2,0.008528760634362698,0.010878853499889374,0.2599545121192932,0.34893107414245605,0.09619120508432388
"горло стало проходить, но через два дня лицо сына покрылось сыпью, а позже коркой.",1,0,1,0,0,EF[5]|ADR[8],826379,7,0.021756110712885857,0.026791809126734734,0.5031232237815857,0.3276344835758209,0.1525070071220398
Видимо какая то трава вызвала аллергию.,0,0,1,0,0,ADR[1],826379,8,0.06414155662059784,0.06746083498001099,0.25495851039886475,0.415554940700531,0.27273768186569214
Вообще мой ребенок не склонен к аллергии.,0,0,0,0,1,Finding[3],826379,10,0.09370523691177368,0.08998098969459534,0.2550651729106903,0.38619086146354675,0.33829638361930847
"И сейчас нам уже 7 месяцев, аллергии ни на что нет.",0,0,0,0,1,Finding[2],826379,11,0.046256083995103836,0.0539228692650795,0.3431438207626343,0.4023720920085907,0.20489300787448883
Потом аллергию лечили еще неделю.,0,0,0,1,0,DI[4],826379,13,0.01564166694879532,0.017607128247618675,0.1538073569536209,0.445350706577301,0.18277086317539215
Время использования: 2 дня Общее впечатление : Вызвал алергию RATING 4 NOTE,0,0,1,0,0,ADR[6],826379,15,0.0027941707521677017,0.0029032656457275152,0.1806054413318634,0.21180658042430878,0.07357707619667053
Врач выписала от горла Тонзилгон.,0,0,0,0,0,NEUTRAL,826379,3,0.01212690956890583,0.01417227927595377,0.07279069721698761,0.5312865376472473,0.21739241480827332
"Во время беременности и после при любых простудных заболеваниях и ОРВИ принимала сама, лечила сынишку и всех остальных.",0,0,0,1,0,DI[1],2540685,1,0.04101813584566116,0.043380528688430786,0.2061319202184677,0.39569249749183655,0.2721746265888214
"Действительно, если во время начать капать капли Грипферон помогают быстрее справится с болезнью.",1,0,0,0,0,EF[3],2540685,2,0.03488103300333023,0.034524042159318924,0.15985414385795593,0.36900901794433594,0.24726741015911102
"Также капаю всей своей семье для профилактики, в холодное время года.",0,0,0,1,0,DI[2],2540685,5,0.05835925415158272,0.06166592985391617,0.3412645161151886,0.37880924344062805,0.2304532527923584
Капли Грипферон всегда есть в моей аптечке - точнее в холодильнике.,0,0,0,0,0,NEUTRAL,2540685,8,0.012059498578310013,0.012567924335598946,0.08636326342821121,0.4060977101325989,0.19095416367053986
"), а сове это не просто, если привык засыпать после 3 утра.",0,0,0,1,0,DI[4],1133905,2,0.018012912943959236,0.01912645250558853,0.3779129683971405,0.22355638444423676,0.15850843489170074
"И вот с половины таблетки донормила, наутро я испытал похмельный синдром, который последний раз у меня был лет 35 назад в подростковом возрасте.",0,0,1,0,0,ADR[2],1133905,4,0.10236470401287079,0.1088995486497879,0.422127366065979,0.42026370763778687,0.30556225776672363
"Потом полдня ходил как зомби, тяжелая голова и тело, тошнота, за руль сесть не решился, сработал инстинкт самосохранения, пришлось поездку отложить, день потерян!",0,0,1,0,0,ADR[3],1133905,5,0.025479529052972794,0.035382580012083054,0.8696156144142151,0.3396112322807312,0.1608378291130066
"Сам сон прерывистый, с глюками.",0,0,1,0,0,ADR[1],1133905,6,0.0011267054360359907,0.001374096842482686,0.9861262440681458,0.014401525259017944,0.00767606683075428
"Итог: препарат работает, но такая работа и её последствия - врагу не пожелаешь!",0,0,0,0,0,NEUTRAL,1133905,7,0.10858724266290665,0.11579883098602295,0.4455018937587738,0.3417138159275055,0.30587238073349
"Этот спрей нам иногда помогает, когда уже насморк запущен настолько, что уже ничего не помогает.",1,0,0,1,0,EF[2]|DI[3],2402827,2,0.07575513422489166,0.07661893963813782,0.3065696954727173,0.34081920981407166,0.2561907470226288
Причем насморк имеет бактериальную форму.,0,0,0,1,0,DI[1],2402827,3,0.028223276138305664,0.03317246958613396,0.19176116585731506,0.44376739859580994,0.18203628063201904
Это средство эффективное и пока не подводило.,1,0,0,0,0,EF[4],2402827,7,0.09298160672187805,0.097337506711483,0.46840009093284607,0.3298499286174774,0.2266816645860672
"Отзыв о спрее назальном Zambon ""Ринофлуимуцил"".",0,0,0,0,0,NEUTRAL,2402827,1,0.004477810114622116,0.004662517458200455,0.055261701345443726,0.34475117921829224,0.14838865399360657
"Первая реакция соответствовала инструкции: недомогание, мышечная боль, боль в суставах, озноб, повышение температуры.",0,0,1,0,0,ADR[1],1417439,3,0.04393164813518524,0.05060965195298195,0.3988807797431946,0.3798144459724426,0.18084481358528137
"Затем последовали сильный насморк, чиханье, першение в горле, осиплость голоса, кашель, температура.",0,0,1,0,0,ADR[2],1417439,4,0.0035189094487577677,0.004645559936761856,0.9504653811454773,0.0906643494963646,0.025245612487196922
"В предыдущие годы применяла инфлювак, побочных действий не было, но гриппом болела, не могу сказать, что в легкой форме, но если сравнивать с теми, кто не прививался, то легче.",0,0,0,1,0,DI[3],1417439,7,0.04760748893022537,0.0448831282556057,0.15381695330142975,0.3704220652580261,0.3402862250804901
Сделала эту прививку в сезоне 2014/2015 при хорошем самочувствии.,0,0,0,0,0,NEUTRAL,1417439,1,0.023098697885870934,0.023336319252848625,0.2071848064661026,0.33057212829589844,0.19713585078716278
"Тенотен должен был оказать успокаивающее и противотревожное действие, но при этом не вызывая сонливости и заторможенности.",0,0,0,0,1,Finding[6],2729929,4,0.029337437823414803,0.03805748373270035,0.4425448179244995,0.3587566912174225,0.1470986008644104
"К сожалению, никакого эффекта от этих таблеток я не увидела.",0,1,0,0,0,INF[3],2729929,5,0.10966256260871887,0.11059724539518356,0.35627269744873047,0.37025290727615356,0.28220799565315247
"Да, сонливость они действительно не дают, но и тревожность не снимают.",0,1,0,1,1,INF[2]|DI[4]|Finding[5],2729929,6,0.09790584444999695,0.10977616161108017,0.4222981035709381,0.4141051769256592,0.25472763180732727
"По мне, так это пустышка, которая может обладать только эффектом плацебо.",0,1,0,0,0,INF[1],2729929,7,0.12707650661468506,0.1322452276945114,0.3478764295578003,0.42447465658187866,0.2908547520637512
В период адаптации детей к детскому саду невролог порекомендовала им успокоительное лекарственное средство Тенотен детский.,0,0,0,0,0,NEUTRAL,2729929,1,0.06229151412844658,0.06689402461051941,0.31950560212135315,0.36434125900268555,0.3065420687198639
"После него на 4 день с 37,3 у ребенка 4 лет поднялась температура до 38,00, лучше инфлюцид, который действительно помогает!!!",0,1,1,0,0,INF[1]|ADR[2],807762,1,0.0065762633457779884,0.007049488369375467,0.12121104449033737,0.34675708413124084,0.1612117439508438
Общее впечатление : отвратительный RATING 1 NOTE,0,0,0,0,0,NEUTRAL,807762,2,0.05102913826704025,0.04937651753425598,0.23919333517551422,0.3383103311061859,0.24703101813793182
"Перед тем, как отдать ребенка в детский сад, решила немного укрепить его здоровье и иммунитет, так как всем известно, ""пошел в сад - начал болеть"".",0,0,0,0,1,Finding[4],804874,1,0.06345809996128082,0.06728244572877884,0.2791982591152191,0.38994377851486206,0.27562060952186584
"Пропили август, сентябрь, а 5 октября мы попадаем в больницу (пневмония с обструкцией).",0,0,0,0,1,Finding[1],804874,4,0.006221371702849865,0.006924704648554325,0.19347622990608215,0.3731684684753418,0.11777999997138977
Причем пневмония у нас образовалась за одну ночь.,0,0,0,0,1,Finding[2],804874,5,0.035649772733449936,0.041851166635751724,0.27445682883262634,0.4092820882797241,0.19290868937969208
"Утром ребенок проснулся здоровым, веселым, никаких предпосылок на болезнь, а к вечеру появился слабый кашель, поднялась температура, а на следующий день снимок показал диагноз.",0,0,0,0,1,Finding[3],804874,6,0.04441098868846893,0.05149887502193451,0.4558136761188507,0.3366656005382538,0.2110472470521927
"Первое посещение в саду на 27 августа, пить Анаферон начали в первых числах (почти за месяц, что бы помогло наверняка).",0,0,0,0,0,NEUTRAL,804874,3,0.005313762463629246,0.00532634649425745,0.14560066163539886,0.2842988967895508,0.11302095651626587
"Прививку против туляремии решила сделать, т. к. в прошлом году в области была вспышка туляремии.",0,0,0,1,0,DI[1],1033114,1,0.023442279547452927,0.02371254190802574,0.10897649824619293,0.43060964345932007,0.326383113861084
"В понедельник поставили пробу на правое плечо, скарификатором сделали 2 царапины и накапали каплю тулярина.",0,0,0,0,1,Finding[3],1033114,4,0.01310870610177517,0.015440107323229313,0.2952864468097687,0.4150073230266571,0.15460707247257233
"Через 48 часов в среду проба была отрицательная, то есть без покраснения и отека.",0,0,0,0,1,Finding[2],1033114,6,0.0032824822701513767,0.0035444246605038643,0.6054406762123108,0.14104659855365753,0.061094000935554504
"Через 2 дня появилось покраснение и отечность, была небольшая болезненность.",0,0,1,0,0,ADR[5],1033114,10,0.047569677233695984,0.058249372988939285,0.5081525444984436,0.3636859357357025,0.16797921061515808
"Когда корочка отпала, остался маленький рубчик.",0,0,1,0,0,ADR[4],1033114,13,0.020178884267807007,0.024218222126364708,0.48488447070121765,0.30386966466903687,0.12736715376377106
Перенесла я вакцинацию хорошо.,0,0,0,0,0,NEUTRAL,1033114,14,0.015422792173922062,0.015881383791565895,0.15353332459926605,0.3207490146160126,0.15773262083530426
В 1 год на очередном осмотре неврологом у ребенка обнаружен тонус в одной ножке.,0,0,0,1,0,DI[6],619561,1,0.03292233869433403,0.04194903001189232,0.23635511100292206,0.531466543674469,0.21671263873577118
При ходьбе он заворачивал ножку внутрь.,0,0,0,1,0,DI[5],619561,2,0.034333907067775726,0.047539010643959045,0.6486459970474243,0.35380035638809204,0.134100079536438
На нейросонограмме врач увидела небольшой гидроцефальный синдром.,0,0,0,1,0,DI[3],619561,3,0.030020171776413918,0.03980129212141037,0.15328344702720642,0.622344970703125,0.2189614325761795
До годика тонус лечили исключительно массажем.,0,0,0,1,0,DI[2],619561,4,0.011668546125292778,0.014667830429971218,0.10262231528759003,0.5230334997177124,0.1883106380701065
"Уколы относительно безболезненные, ребенок плакал только при проколе, но быстро успокаивался.",0,0,0,0,1,Finding[7],619561,6,0.10796204954385757,0.11723342537879944,0.36035192012786865,0.37884023785591125,0.27807167172431946
"Мне показалось, что эффект был.",1,0,0,0,0,EF[8],619561,7,0.1946100890636444,0.20955117046833038,0.4503013491630554,0.38188526034355164,0.3206145465373993
"После 3 укола малыш стал чаще опираться на эту ножку, вскоре почти перестал ее заворачивать.",1,0,0,1,0,EF[4]|DI[1],619561,8,0.06330196559429169,0.07748711109161377,0.5473995804786682,0.3629813492298126,0.20100417733192444
"Несмотря на прочитанные мною отрицательные отзывы на медицинском форуме, я не жалею, эффектом довольна.",1,0,0,0,0,EF[9],619561,9,0.1173522099852562,0.1261148303747177,0.4140586853027344,0.3899845778942108,0.25677797198295593
Но тут прописали 10 уколов контексина по 5 млг.,0,0,0,0,0,NEUTRAL,619561,5,0.011873142793774605,0.0136733902618289,0.10316415131092072,0.5010838508605957,0.16395004093647003
"Препарат ""Ликопид"" покупала для лечения герпеса.",0,0,0,1,0,DI[3],2397151,2,0.01570758782327175,0.018585216253995895,0.0692567452788353,0.5673537850379944,0.2545243203639984
"Очаг высыпания на спине, практически всегда в одном месте.",0,0,0,1,0,DI[1],2397151,4,0.005897335708141327,0.007683468516916037,0.918718159198761,0.10605766624212265,0.03279455751180649
"Температура выше субфибрильной 37,2 не поднимается, но самочувствие при этом- полная дрянь.",0,0,0,1,0,DI[2],2397151,5,0.007794275879859924,0.009854856878519058,0.8281186819076538,0.18599365651607513,0.04725298658013344
"Вообще сложилось впечатление, что это всё плацеба, не помог ни разу ни один препарат.",0,0,0,0,0,NEUTRAL,2397151,12,0.07786998897790909,0.0835767537355423,0.3017989993095398,0.4309372007846832,0.2810523808002472
Профилактика и лечение гриппа и ОРВИ у детей и взрослых.,0,0,0,1,0,DI[1],2419250,1,0.00806349329650402,0.009598993696272373,0.09292634576559067,0.45554786920547485,0.16646477580070496
"Да я соглашусь, что для профилактики он подходит может быть я не пробовала, но ни как ни для лечения.",0,0,0,1,0,DI[3],2419250,2,0.09874502569437027,0.09932824224233627,0.25686803460121155,0.36468324065208435,0.3423409163951874
"Решила купить, закапала в нос, вообще ни каких изменений, как заложенность была, так и осталась, да и на улучшения ни как ни по действовало.",0,1,0,1,0,INF[6]|DI[4],2419250,4,0.09017429500818253,0.09045182913541794,0.2982461452484131,0.3390061855316162,0.3504772186279297
"Плюс к тому есть побочны действия, как аллергия, так что я считаю у меня вышло, только деньги на ветер.",0,0,1,0,0,ADR[2],2419250,5,0.0346626341342926,0.036811862140893936,0.21863840520381927,0.38890933990478516,0.23052531480789185
"Может быть кому то и понравился, помог препарат, утверждать и спорить не буду, но на моем примере оказался не эффективный.",0,1,0,0,0,INF[5],2419250,6,0.09920298308134079,0.10290582478046417,0.2659837305545807,0.40334123373031616,0.3305816948413849
"У меня как то заболел ребенок, по телевизору все крутили рекламу противовирусного средства, думала новинка, должно действовать.",0,0,0,0,0,NEUTRAL,2419250,3,0.10451819747686386,0.09931325167417526,0.2553917169570923,0.35068604350090027,0.4064024090766907
"""Генферон лайт"" из холодильника не выводится, хотя его положительного действия я тоже не вижу.",0,1,0,0,0,INF[3],824781,3,0.017871037125587463,0.018844066187739372,0.10066115856170654,0.411163866519928,0.21793021261692047
"Как только заболевает дочь, я начинаю ставить ""Генферон"" и сыну тоже, что бы повысить его иммунитет, но он все равно заражается от дочери через несколько дней.",0,0,0,1,0,DI[2],824781,5,0.052212681621313095,0.05065544322133064,0.19408288598060608,0.36455780267715454,0.3287813067436218
Дети болеют тяжело и подолгу и своего предназначения эти свечи явно не выполняют.,0,1,0,0,0,INF[1],824781,8,0.0179461557418108,0.018969373777508736,0.14878319203853607,0.3789662718772888,0.18522867560386658
Время использования: 3 месяца,0,0,0,0,0,NEUTRAL,824781,9,0.06113936007022858,0.048465482890605927,0.6778103709220886,0.10668779909610748,0.49228307604789734
"Ребенок пошел в детский сад, а это постоянные сопли, кашель, постоянные больничные (2-4 дня ходим, 2 недели болеем), и вот в аптеке мне посоветовали препарат ""Иммунал"", как прекрасное средство для повышения иммунитета.",0,0,0,1,1,DI[3]|Finding[4],2501951,2,0.08401971310377121,0.07884368300437927,0.20484894514083862,0.4041878283023834,0.41433072090148926
"Пропили курс, но пока никакого результата не увидела, сопли и кашель как были, так и есть.",0,1,0,1,0,INF[1]|DI[5],2501951,3,0.08180519193410873,0.08534014970064163,0.2733951807022095,0.3894616365432739,0.3141478896141052
"Рекомендовать его не стану, так как нам он не помогает и покупать его тоже не буду, скорее всего будем пробовать что-то другое!",0,1,0,0,0,INF[2],2501951,6,0.05879001319408417,0.05921120569109917,0.2851000428199768,0.328796923160553,0.2870599329471588
У него отвратительный вкус и высокая цена для простой настойки эхинацеи.,0,0,0,0,0,NEUTRAL,2501951,5,0.059319011867046356,0.06352030485868454,0.23063461482524872,0.4352853298187256,0.2582246959209442
Все началось банально - дочка принесла из детского садика ветряную оспу.,0,0,0,1,0,DI[9],2177673,1,0.03018147684633732,0.03455767780542374,0.24476878345012665,0.42251697182655334,0.1968875378370285
Переболела в легкой форме с небольшой температурой 37 и 1 и незначительным высыпанием.,0,0,0,1,0,DI[6],2177673,2,0.029732471331954002,0.03587231785058975,0.47745469212532043,0.32780131697654724,0.14020241796970367
"И вот уже наступил 10 день болезни дочи - чувствую, со мной что-то не то-знобит, температура 38 и выкручивает все суставы, как на грипп.",0,0,0,1,1,DI[3]|Finding[2],2177673,3,0.020695459097623825,0.02378719113767147,0.543526291847229,0.370369017124176,0.20656894147396088
"Утром все стало ясно - теперь эта ""радость"" под названием ветрянка есть и у меня.",0,0,0,1,0,DI[4],2177673,4,0.03645743429660797,0.04153170809149742,0.35675036907196045,0.386042058467865,0.1985131800174713
"Через пару дней высыпания усилились-посоветовали мне Ацикловир (хорошо помогает, недорогой).",0,0,0,1,0,DI[8],2177673,5,0.016083333641290665,0.019100580364465714,0.14315597712993622,0.45733824372291565,0.21478119492530823
"Да, действительно корочки стали образовываться быстрее, но появился странный зуд в области шеи и груди.",1,0,1,0,0,EF[7]|ADR[5],2177673,6,0.10892698913812637,0.12695951759815216,0.5329874753952026,0.35634762048721313,0.251336008310318
Перечитала внимательнее побочные эффекты и-вот она-крапивница.,0,0,1,0,0,ADR[1],2177673,7,0.032295871526002884,0.03677114471793175,0.2244008481502533,0.4337250292301178,0.19453562796115875
"Зуд усиливался несмотря на то, что параллельно принимала Эдем.",0,0,1,0,0,ADR[10],2177673,9,0.05912863090634346,0.07339219748973846,0.39096352458000183,0.4183987081050873,0.20004166662693024
Прием Ацикловира прекратила и вот уже 4 дня безуспешно борюсь с крапивницей,0,0,1,0,0,ADR[11],2177673,10,0.09133325517177582,0.0842568576335907,0.19813360273838043,0.29405099153518677,0.5986878275871277
Препарат в общей сложности пила 6 дней.,0,0,0,0,0,NEUTRAL,2177673,8,0.06051332503557205,0.06330227106809616,0.2583618462085724,0.391471803188324,0.24369509518146515
"Амиксин мне прописывал врач для лечения простуды, для меня вообще не очень понятно, зачем стимулировать иммунитет, если организм болеет.",0,0,0,1,0,DI[4],2984622,1,0.043329376727342606,0.039543505758047104,0.09434498101472855,0.4276514947414398,0.39214178919792175
"Приняла я всего три таблетки, как начался ужасный зуд, а затем пошла мелкая сыпь по всему телу.",0,0,1,0,0,ADR[2],2984622,2,0.11078301817178726,0.12252183258533478,0.4015171229839325,0.4061838388442993,0.2777966856956482
"Я не аллергик и с таким явлением столкнулась впервые, симптомы не приятные, мало того, что простуда свалила с ног, еще и зуд начался.",0,0,1,1,1,ADR[1]|DI[3]|Finding[5],2984622,3,0.134994238615036,0.14586859941482544,0.39644038677215576,0.4336378574371338,0.3367801308631897
"Думала, не будет этому ни конца ни края.",0,0,0,0,0,NEUTRAL,2984622,4,0.009665555320680141,0.01083152461796999,0.23862847685813904,0.2667262554168701,0.1403885930776596
"Сказала, что с ним простуда проходит очень легко и быстро.",0,0,0,1,0,DI[4],636267,2,0.1140139177441597,0.11696963012218475,0.28492000699043274,0.3839675784111023,0.3571048974990845
"Также его нельзя использовать часто так как, иммунитет привыкает и в дальнейшем без посторонней помощи не борится с простудой.",0,0,0,1,0,DI[2],636267,7,0.04536641389131546,0.04684242233633995,0.24674147367477417,0.3662097156047821,0.24019519984722137
Есть предосторожность может слегка повышать температуру.,0,0,1,0,0,ADR[1],636267,9,0.001925021642819047,0.0020762388594448566,0.5902450084686279,0.07855411618947983,0.024003930389881134
"Общее впечатление : Есть подозрение, что у ребенка ОРВИ.",0,0,0,1,0,DI[3],636267,11,0.020068619400262833,0.022730741649866104,0.16031134128570557,0.44345468282699585,0.1834498941898346
Лаферобион всегда поможет.,0,0,0,0,0,NEUTRAL,636267,12,0.006537904962897301,0.007574903778731823,0.20259256660938263,0.33213117718696594,0.08493294566869736
"На следующий день отек носоглотки, заложенность носа, жжение в горле.",0,0,1,0,0,ADR[2],618939,6,0.008353084325790405,0.009921218268573284,0.43613189458847046,0.30034351348876953,0.07987339049577713
"Общее самочувствие лучше, но заложенность носа остается.",1,0,1,0,0,EF[3]|ADR[1],618939,9,0.011877626180648804,0.014663895592093468,0.7713161706924438,0.19798080623149872,0.0682099238038063
"Возможно это личная непереносимость, но на фоне предыдущего опыта с ваксигриппом ощущения крайне неприятные.",0,0,0,0,0,NEUTRAL,618939,12,0.0612071193754673,0.06516305357217789,0.35020169615745544,0.383648544549942,0.22285287082195282
"Насколько я знаю долго ей пользоваться нельзя, поскольку она может вызвать привыкание.",0,0,0,0,1,Finding[2],656330,4,0.10323542356491089,0.10422921180725098,0.3214733302593231,0.36363402009010315,0.30272093415260315
Общее впечатление : Малоэффективный препарат RATING 3 NOTE,0,1,0,0,0,INF[1],656330,12,0.015608610585331917,0.016251064836978912,0.12902183830738068,0.3755836486816406,0.1829160451889038
"Когда помогал, когда нет.",0,0,0,0,0,NEUTRAL,656330,6,0.023953448981046677,0.023863201960921288,0.1572853922843933,0.31734174489974976,0.23018161952495575
Ох уж эти стрессы!,0,0,0,1,0,DI[1],811512,1,0.0030862658750265837,0.0033823377452790737,0.74212646484375,0.08111336827278137,0.029248671606183052
"Опаснее всего они протекают у детей, особенно если они попали в серьезную стрессовую ситуацию... Так случилось у нас!",0,0,0,1,0,DI[3],811512,2,0.012826448306441307,0.014263029210269451,0.441164493560791,0.24947527050971985,0.11231748014688492
"Сынишка очень тяжело переживал не только смену жительства, но и испытывал страх перед новым классом, переживал о том, как его примет коллектив.",0,0,0,1,0,DI[4],811512,4,0.0693608969449997,0.08307601511478424,0.7341229915618896,0.28864961862564087,0.21205805242061615
"Мы всячески пытались его поддержать, но его неуверенность в себе поражала и то как он накручивал себя.",0,0,0,1,0,DI[5],811512,5,0.05271082744002342,0.06689463555812836,0.8067961931228638,0.26597630977630615,0.1448788195848465
"Мы как и было положено стали его принимать, но у ребенка сильно изменилось поведение.",0,0,1,0,0,ADR[2],811512,7,0.09260374307632446,0.1097123920917511,0.38426753878593445,0.44094499945640564,0.278683602809906
"Сынишка то был вялым сильно, то, наоборот вспышки агрессии.",0,0,1,0,0,ADR[6],811512,8,0.028788022696971893,0.04031522572040558,0.7312912940979004,0.3139805495738983,0.16819557547569275
Переезд и в связи с этим смена школы.,0,0,0,0,0,NEUTRAL,811512,3,0.0013057813048362732,0.0014608658384531736,0.8723223805427551,0.05589624494314194,0.022481875494122505
"Капли Тонзилгон-Н применяются при ЛОР-заболеваниях верхних дыхательных путей, обладает противовоспалительным, антибактериальным и иммуномодулирующим свойствами, активно применяется при лечении ОРВИ у детей.",0,0,0,1,0,DI[1],894083,1,0.042651113122701645,0.04128408432006836,0.14575564861297607,0.39458519220352173,0.3038402497768402
"Нам его назначили когда у дочки началась ангина, горло было красное, на миндалинах белый налет... надо было что-то делать.",0,0,0,1,0,DI[3],894083,2,0.03158535808324814,0.03050449676811695,0.1610119789838791,0.3574991226196289,0.2909681499004364
Через 14 дней горло почти зажило!,1,0,0,0,0,EF[2],894083,6,0.01712574064731598,0.01930762641131878,0.31406116485595703,0.30886977910995483,0.12361079454421997
"Меня очень смущал спирт в составе, муж сказал: ""Водка!",0,0,0,0,0,NEUTRAL,894083,4,0.11620592325925827,0.11524920910596848,0.32391220331192017,0.3186410963535309,0.3641276955604553
"Принимала римантадин курсом по инструкции, после каждого приема чувствовала сильный приступ тошноты и затуманенность сознания, несколько раз думала в обморок упаду.",0,0,1,0,0,ADR[2],211588,1,0.046427663415670395,0.05603044107556343,0.5186566114425659,0.39427825808525085,0.2053794115781784
Часа через 2 после приема таблеток начинает болеть живот.,0,0,1,0,0,ADR[3],211588,2,0.025275204330682755,0.02877698838710785,0.20749196410179138,0.45380857586860657,0.1722656488418579
Менструальный цикл после приема римантадина сбивается (нет месячных).,0,0,1,0,0,ADR[1],211588,3,0.008943164721131325,0.010281171649694443,0.1681234985589981,0.4087061882019043,0.15257780253887177
Общее впечатление : побочных эффектов масса,0,0,0,0,0,NEUTRAL,211588,7,0.2294214516878128,0.17699719965457916,0.41248831152915955,0.2164643406867981,0.7206374406814575
"Объясню почему, начала я его принимать для профилактики гриппа, т. к. сейчас сезон и только и говорят о новом гриппе.",0,0,0,1,1,DI[3]|Finding[4],3022901,2,0.05625710263848305,0.05462071672081947,0.16832250356674194,0.43294838070869446,0.3234560787677765
"В первый день я почувствовала недомогание, общее, как будто в полудреме ходила, но списала это на недосып.",0,0,1,0,1,ADR[5]|Finding[1],3022901,3,0.14133746922016144,0.16819943487644196,0.6592422127723694,0.3745572865009308,0.29288527369499207
"Второй и третий день, тоже самое, плюс головокружение, но тут уже не было сомнений, что это побочный эффект от Ремантадина.",0,0,1,0,0,ADR[2],3022901,4,0.02580183371901512,0.028969427570700645,0.28783369064331055,0.4179062843322754,0.20188085734844208
"В аннотации к нему, указано очень много побочных эффектов!",0,0,0,0,0,NEUTRAL,3022901,6,0.05876579135656357,0.05762537568807602,0.2271159142255783,0.36390945315361023,0.2856181561946869
Помогают хорошо!,1,0,0,0,0,EF[1],6993980,13,0.05002214387059212,0.05078580230474472,0.24701684713363647,0.34239622950553894,0.24961668252944946
"Но почему- то в аптеке посоветовали их и сама сравнив цену тех, которых и пачки не хватит и неудобно пить несколько раз в день, я решили купить их.",0,0,0,0,0,NEUTRAL,6993980,5,0.12128101289272308,0.1239946037530899,0.308168888092041,0.369240939617157,0.3384740352630615
"Старшему сыну первые две прививки от дифтерии, столбняка и коклюша делали вакциной ""Пентаксим"", мне настоятельно рекомендовали педиатры нашей поликлиники.",0,0,0,1,0,DI[1],2394715,1,0.03468546271324158,0.035620059818029404,0.12990660965442657,0.4513078033924103,0.31101375818252563
"Не было никаких проявлений побочных эффектов- ни температуры, ни слабости.",0,0,0,0,1,Finding[2],2394715,6,0.026396559551358223,0.0320424884557724,0.3072633743286133,0.3752099573612213,0.15867561101913452
"После второй вакцинации на третий день после прививки у неё поднялась температура до 37.5, но упала самостоятельно, без применения жаропонижающих средств.",0,0,1,0,0,ADR[4],2394715,8,0.01275069173425436,0.013932141475379467,0.16125823557376862,0.36455368995666504,0.15817607939243317
"Некоторые мамы пугаются прививок, идя на поводу провокаций против вакцинации, но я считаю, что это единственный способ уберечь своих детей от таких опасных заболеваний, как дифтерия, столбняк и коклюш.",0,0,0,0,1,Finding[3],2394715,9,0.023886682465672493,0.025097766891121864,0.1394609808921814,0.44254159927368164,0.2708059847354889
"И третью прививку делали АКДС, спустя большой промежуток времени (много и часто болели, был мед.",0,0,0,0,0,NEUTRAL,2394715,3,0.19631709158420563,0.18208113312721252,0.3410937190055847,0.27148839831352234,0.6342350840568542
"Фармацевт нам посоветовала взять сироп ""БИОАРОН С"", как наиболее эффективное средство в период простудных заболеваний.",0,0,0,0,1,Finding[3],2389422,4,0.059645745903253555,0.061419036239385605,0.15841935575008392,0.4422369599342346,0.3510904908180237
"Ребенок стал болеть пуще прежнего, конечно виной всему адаптация к новому коллективу.",0,0,1,0,0,ADR[1],2389422,7,0.03853734955191612,0.047924790531396866,0.7185623049736023,0.2992814779281616,0.1416996866464615
"Лучше уж использовать проверенные народные средства: мед, шиповник, малина, ... Может это индивидуально, но нам сироп не подошел, больше брать не будем и не рекомендую.",0,1,0,0,0,INF[2],2389422,9,0.0260351300239563,0.027379078790545464,0.13902390003204346,0.39475104212760925,0.27659326791763306
И часто выбрать что-то хорошее не просто.,0,0,0,0,0,NEUTRAL,2389422,2,0.0168943889439106,0.01676507294178009,0.3670305609703064,0.17670448124408722,0.16460204124450684
"малыш у меня гиперактивный, но спусть дней 15 я вижу что препарат малыша еще сильнее активизирует.",0,0,1,1,0,ADR[1]|DI[2],241201,2,0.11962968856096268,0.12819042801856995,0.34991127252578735,0.414547860622406,0.3430405557155609
"малышу 1,3 месяца.",0,0,0,0,0,NEUTRAL,241201,3,0.007875182665884495,0.009165667928755283,0.19263224303722382,0.350917786359787,0.1430320292711258
"Выпив таблеточк, у я очень хорошо почувствовала на себе угнетенное подавленное состояние.",0,0,1,0,0,ADR[1],2528491,5,0.08926565200090408,0.10115426033735275,0.406538724899292,0.3966808319091797,0.2655799090862274
"Собственно, это действие всех транквилизаторов, затормозить разум и сознание.",0,0,1,0,0,ADR[3],2528491,6,0.0422167107462883,0.05095389485359192,0.7256773114204407,0.3182704746723175,0.1416313350200653
"Меня не только успокоили эти таблетки, но и отбили охоту отвечать на вопросы и разговаривать, оставалось только тупо лежать и смотреть телек.",0,0,1,0,0,ADR[2],2528491,7,0.061439331620931625,0.07492612302303314,0.8076881766319275,0.23756510019302368,0.16856442391872406
"Таблетки ""Афобазол"" очень часто мелькают в телевизионной рекламе.",0,0,0,0,0,NEUTRAL,2528491,1,0.06571485847234726,0.06806589663028717,0.2176833301782608,0.4456928074359894,0.29758453369140625
"После применения капель сильно заложило нос, просто начала задыхаться, до потери сознания.",0,0,1,0,0,ADR[5],2461263,1,0.021578233689069748,0.027539119124412537,0.7650237679481506,0.3130393922328949,0.11166191846132278
Сосуды совсем не сужает!!,0,1,0,0,0,INF[4],2461263,2,0.014509803615510464,0.016546372324228287,0.16445735096931458,0.4336877167224884,0.18021927773952484
Один раз капнула - всю кожу вокруг носа разъело!,0,0,1,0,0,ADR[2],2461263,3,0.014428962022066116,0.017199020832777023,0.18345770239830017,0.43354037404060364,0.12632113695144653
И более того с обратным действием - вызывает заложенность и удушье.,0,1,1,0,0,INF[3]|ADR[1],2461263,5,0.036384254693984985,0.04118833318352699,0.4306061267852783,0.35243943333625793,0.15279418230056763
Ужасный неэффективный препарат!,0,0,0,0,0,NEUTRAL,2461263,4,0.016640380024909973,0.017234239727258682,0.17166848480701447,0.3612905740737915,0.1699250340461731
"Препарат активно рекламируется как противовирусный, помогающий в профилактике и лечении гриппа, повышающий иммунитет, оказывающий противовоспалительное, жаропонижающее и обезболивающее действие.",0,0,0,1,1,DI[6]|Finding[9],1484511,1,0.12144627422094345,0.1266646832227707,0.28476786613464355,0.42564478516578674,0.33679649233818054
"Однако, ни профилактического, ни лечебного эффекта я совершенно не заметила.",0,1,0,1,0,INF[1]|DI[2],1484511,2,0.14316615462303162,0.15884052217006683,0.4606279134750366,0.3656850755214691,0.27803340554237366
"Кроме гриппа, согласно инструкции, Амизон применяют при менингоэнцефалитах, краснухе, ветряной оспе, паротите, инфекционном мононуклеозе, вирусных гепатитах А и Е, пневмонии, ангинах.",0,0,0,0,1,Finding[4],1484511,3,0.07391791045665741,0.0757313221693039,0.21031244099140167,0.4730605185031891,0.30422714352607727
"Но в качестве побочных эффектов указаны: одышка, раздражение горла, головная боль, колебания давления, тошнота, рвота, изжога, боль в животе, диарея.",0,0,0,0,1,Finding[3],1484511,4,0.10865049064159393,0.11608275771141052,0.4064229130744934,0.4108872413635254,0.2821148633956909
"Из побочных эффектов у себя я наблюдала головную боль, боль в животе, снижение аппетита, снижение функции щитовидной железы ( выявил эндокринолог после обследования).",0,0,1,0,0,ADR[8],1484511,5,0.06739930063486099,0.07447011768817902,0.3001989722251892,0.44855833053588867,0.24918606877326965
Для профилактики и лечения гриппа выберите более надёжный препарат.,0,0,0,1,0,DI[7],1484511,6,0.009695135988295078,0.011346759274601936,0.1041019856929779,0.4620600640773773,0.15006211400032043
"Пользы нет, зато для щитовидки вред!",0,1,0,0,0,INF[5],1484511,8,0.0376528762280941,0.04151390492916107,0.1669473499059677,0.4840147793292999,0.2604737877845764
Общее впечатление : Осторожно!,0,0,0,0,0,NEUTRAL,1484511,7,0.009765520691871643,0.010858585126698017,0.5032114386558533,0.15499097108840942,0.07014523446559906
"Пройдя двухнедельное лечение, я заметила, что мне стало значительно легче подниматься на девятый этаж (лифт, к сожалению, не работал) и общее состояние тоже стало лучше.",1,0,0,0,0,EF[2],2396436,4,0.059427399188280106,0.07343532145023346,0.6354754567146301,0.3354995548725128,0.16811004281044006
"Таким образом я пришла к выводу, что Кардонат действительно эффективное средство.",1,0,0,0,0,EF[1],2396436,5,0.14064531028270721,0.15209197998046875,0.4063034653663635,0.3960638642311096,0.29169315099716187
С этим препаратом я познакомилась в 2009 году - когда была беременна.,0,0,0,0,0,NEUTRAL,2396436,1,0.0731034055352211,0.0723482146859169,0.2776252031326294,0.356130987405777,0.2980847954750061
"После двух раз применения, с промежутком в 12 часов, получила признаки простуды (обильные выделения из носа (больше справа), чихание, увеличение шейных лимфоузлов).",0,1,0,1,0,INF[1]|DI[5],805646,1,0.0025891796685755253,0.003020455362275243,0.8369688391685486,0.11629758030176163,0.032228704541921616
Слизистая носа (больше справа)покрылась белым налётом с кровоточащими изъязвлениями.,0,0,0,1,0,DI[4],805646,2,0.0075398655608296394,0.010435843840241432,0.6802501678466797,0.22388572990894318,0.046841297298669815
Имею проблему заложенности носа справа.,0,0,0,1,0,DI[3],805646,6,0.006071323994547129,0.007497643120586872,0.6533627510070801,0.2175784409046173,0.04210851714015007
"Неоднократно обследовалась; аллергии, новообразований нет.",0,0,0,0,1,Finding[2],805646,7,0.02642485499382019,0.0327904187142849,0.5110185146331787,0.32602259516716003,0.11564827710390091
"Надеюсь, что обойдётся.",0,0,0,0,0,NEUTRAL,805646,5,0.08031895756721497,0.08475446701049805,0.4310207962989807,0.31470805406570435,0.2320784628391266
Например его лучше не употреблять перед сном- может быть бессонница.,0,0,1,0,0,ADR[4],942872,9,0.08365210890769958,0.08851831406354904,0.33388322591781616,0.4134403169155121,0.2558741569519043
"Просто препарат хорошо улучшает кровообращение в голове, из за этого такой эффект наступает –просто принимать его надо пораньше, и тогда бессонницы не будет.",1,0,1,0,1,EF[2]|ADR[1]|Finding[3],942872,10,0.08472275733947754,0.09675712138414383,0.6751053333282471,0.3172014653682709,0.2103024125099182
Но у современных препаратов довольно таки высокая цена.,0,0,0,0,0,NEUTRAL,942872,6,0.06985493749380112,0.07296694815158844,0.2969716787338257,0.3752647340297699,0.23483797907829285
Конкретно успокаивают посильнее иных таблеток.,1,0,0,0,0,EF[2],3004353,1,0.01762426644563675,0.020361285656690598,0.2727771997451782,0.31437280774116516,0.13817976415157318
Но на 8 день онемели пальцы а сейчас начали мерзнуть пальцы и не проходит.,0,0,1,0,0,ADR[1],3004353,2,0.02225000225007534,0.027957309037446976,0.335436075925827,0.4162916839122772,0.17622990906238556
Надеюсь пройдет,0,0,0,0,0,NEUTRAL,3004353,4,0.43062347173690796,0.30303674936294556,0.5071715116500854,0.2413526177406311,0.7717410922050476
"Дочка 4 года сильно проболела ОРВИ в течение месяца (два ложных крупа, ларинготрахеит).",0,0,0,1,0,DI[3],2706058,1,0.019099468365311623,0.023774344474077225,0.14897839725017548,0.5322964191436768,0.17057651281356812
Анализы крови показали низкий иммунитет и наличие вируса Эпштайна-Барр.,0,0,0,1,0,DI[4],2706058,2,0.018241455778479576,0.02173883654177189,0.10356742143630981,0.5536807775497437,0.2240806221961975
"Я начала давать дочке препарат, на второй день дочка стала жаловаться на боли в животе.",0,0,1,0,0,ADR[5],2706058,4,0.06409826129674911,0.07359984517097473,0.2618280351161957,0.4471913278102875,0.25634709000587463
"К вечеру побледнела и еле кушала, боли в животе были сильные.",0,0,1,0,0,ADR[1],2706058,5,0.05921585485339165,0.07047770917415619,0.38354092836380005,0.4092910587787628,0.23267444968223572
"Нашей дочке препарат не подошел, побочка оказалась сильновыраженной.",0,1,0,0,0,INF[2],2706058,7,0.06325961649417877,0.0656079649925232,0.23590287566184998,0.428480863571167,0.26588281989097595
Врач иммунолог прописала Изопринозин.,0,0,0,0,0,NEUTRAL,2706058,3,0.014463034458458424,0.01669912040233612,0.054735440760850906,0.6204223036766052,0.2690773904323578
"Она нам прописала лекарственное средство Пантогам, сказала просто пропить для лучшей мозговой деятельности.",0,0,0,1,0,DI[3],1105026,2,0.04354609549045563,0.048577919602394104,0.1796576976776123,0.4346650242805481,0.333645224571228
"У меня ребенок сам по себе спокойный был, а тут начала давать пантогам, он начал орать, капризничать, не спать по ночам.",0,0,1,0,0,ADR[2],1105026,3,0.11678441613912582,0.13458700478076935,0.4281827211380005,0.42002570629119873,0.35205352306365967
"Я отменила его, перестала давать, через два дня ребенок стал опять спокойненький.",0,0,0,0,1,Finding[4],1105026,5,0.0615132637321949,0.06882008910179138,0.25918588042259216,0.4225628674030304,0.2776564359664917
Но если все таки вам его прописали прочитайте хорошо аннотацию прежде чем его давать Общее впечатление : ребенок стал возбужденным,0,0,1,0,0,ADR[1],1105026,7,0.5694084167480469,0.44494256377220154,0.5701417922973633,0.28262099623680115,0.8061929941177368
"Так, что я не рекомендую и не советую покупать лекарственное средство Пантогам особенно детям.",0,0,0,0,0,NEUTRAL,1105026,6,0.04447976127266884,0.04835767671465874,0.15376587212085724,0.4704529941082001,0.3261578381061554
В итоге никакого эффекта от этих леденцов я не заметила.,0,1,0,0,0,INF[2],2380047,13,0.06986802071332932,0.06952039897441864,0.2669976055622101,0.3513977527618408,0.2763465642929077
А вот Ново - пассит действительно успокаивающе действовал на мою нервную систему.,1,0,0,0,0,EF[1],2380047,14,0.09405819326639175,0.11048358678817749,0.3908083438873291,0.4396081566810608,0.3003697395324707
"Больше не куплю, деньги на ветер.",0,1,0,0,0,INF[3],2380047,15,0.04334178939461708,0.047170113772153854,0.2967461347579956,0.39280378818511963,0.20659464597702026
"получается что совсем и не дешево выходит, в упаковке только 2 пластинки, каждая на 1 день получается.",0,0,0,0,0,NEUTRAL,2380047,8,0.1277620792388916,0.12233424931764603,0.2789706289768219,0.36928579211235046,0.34983548521995544
"Начали его применять в пятницу и сразу спала температура, на следующий день улучшилось состояние ребёнка, НО в воскресенье утром после очередного введения препарата пошла сыпь.",1,0,1,1,0,EF[2]|ADR[4]|DI[5],2550809,2,0.03640265017747879,0.04411972314119339,0.2762952148914337,0.421466588973999,0.2025938183069229
"Вначале появилась на лице, приблизительно через час сыпь уже была на груди, потом на спине, а потом появилась и на руках за считанные часы.",0,0,1,0,0,ADR[6],2550809,3,0.03671864792704582,0.04569268226623535,0.7599062323570251,0.25052210688591003,0.164601668715477
"Но как ни странно в инструкции к препарату написано, что аллергия очень редкое явление.",0,0,1,0,0,ADR[1],2550809,5,0.09891033172607422,0.10090436041355133,0.26669183373451233,0.435138463973999,0.3205298185348511
У неё тоже самое по всему телу аллергия на этот же препарат.,0,0,1,0,0,ADR[3],2550809,7,0.07484766840934753,0.07746626436710358,0.2698761820793152,0.43486398458480835,0.2901354432106018
"Получается производители солгали написав в побочных действиях, что аллергия редкий случай.",0,0,1,0,0,ADR[7],2550809,8,0.050297778099775314,0.053022343665361404,0.19110921025276184,0.4458999037742615,0.2842003107070923
"Этот препарат прописали моему малышу, ему 10 месяцев.",0,0,0,0,0,NEUTRAL,2550809,1,0.08996708691120148,0.09317720681428909,0.2509382665157318,0.4280179738998413,0.32094842195510864
"Таблетки Циклоферон я покупала еще в сентябре 2016 года, по совету врача начала давать его ребенку для профилактики вирусных инфекций перед походом в сад после летнего ""отпуска"".",0,0,0,1,0,DI[12],4453482,1,0.030838394537568092,0.028096674010157585,0.17390067875385284,0.3151141107082367,0.315178245306015
"К сожалению, как профилактика, этот препарат оказался для нас неэффективным- ребенок все равно ""принес"" домой очередной вирус и мне пришлось опять оформлять больничный лист.",1,0,0,1,0,EF[11]|DI[1],4453482,2,0.07766947895288467,0.0806366428732872,0.2816709876060486,0.3556104302406311,0.29814058542251587
"Из собственного опыта скажу, что эти таблетки эффективны, если начать их прием при первых же признаках вируса.",1,0,0,0,0,EF[9],4453482,6,0.05201992392539978,0.05157679691910744,0.25535938143730164,0.3425922393798828,0.24330709874629974
"Этот препарат значительно облегчает состояние организма, все протекает легче, и муж, и я быстрее шли на поправку.",1,0,0,0,0,EF[10],4453482,11,0.11097460985183716,0.11891283839941025,0.43377184867858887,0.38755306601524353,0.271896094083786
"После первых 4-х таблеток Циклоферона мужу уже на утро стало намного легче, еще через день он почти выздоровел.",1,0,0,0,0,EF[5],4453482,12,0.050604525953531265,0.055818669497966766,0.25258997082710266,0.4218762218952179,0.2503575086593628
"Так что можете смело покупать упаковку таблеток Циклоферон перед сезоном простуд, если не успели позаботиться об укреплении иммунитета, они здорово помогают в процессе избавления от вирусных заболеваний.",1,0,0,1,1,EF[3]|DI[8]|Finding[4],4453482,13,0.03749556466937065,0.03666415438055992,0.16911402344703674,0.37426143884658813,0.2991064786911011
"А вот в качестве профилактики не увидела никакого результата, поэтому и оценку препарату ставлю четверку.",0,1,0,1,0,INF[6]|DI[7],4453482,14,0.06645079702138901,0.07299746572971344,0.3676242232322693,0.3504689633846283,0.21696102619171143
"А  мы принимали в прошлом году, мне кажется, они более эффективные!!",1,0,0,0,0,EF[2],4453482,18,0.006635185796767473,0.006599718239158392,0.06261415779590607,0.3387144207954407,0.20397645235061646
"Когда чувствуете, что вирус начинает проявлять себя, принимайте таблетки Циклоферон по следующей схеме.",0,0,0,0,0,NEUTRAL,4453482,10,0.010553580708801746,0.011915297247469425,0.09075246006250381,0.48278334736824036,0.16206970810890198
"Раньше я на работе очень сильно нервничала, но моя работа связана с людьми, так что стрессы мне были не уместны.",0,0,0,1,0,DI[2],2438938,6,0.1687726378440857,0.19253438711166382,0.43430235981941223,0.4144802689552307,0.36229780316352844
"Тогда я решила принимать эти капельки, которые мне очень помогли.",1,0,0,0,0,EF[3],2438938,7,0.07033709436655045,0.07218581438064575,0.2966804504394531,0.3290509879589081,0.2843245565891266
Хороший препарат и главное что помогает.,1,0,0,0,0,EF[1],2438938,8,0.08143457025289536,0.08201092481613159,0.3143121898174286,0.3555104732513428,0.2765546441078186
"Наверное все из вас видели рекламу успокоительного и седативного средства Барбовал, который так часто рекламируют по телевизору.",0,0,0,0,0,NEUTRAL,2438938,1,0.12067833542823792,0.11848405003547668,0.3625515103340149,0.33675625920295715,0.3646594285964966
Насморк это постоянный спутник простудных заболеваний.,0,0,0,1,0,DI[5],2436121,1,0.020269883796572685,0.024957016110420227,0.22275997698307037,0.4216712415218353,0.1463746875524521
"Каждый понимает, какого это ощущать постоянную заложенность носа: не спать ночами, не ощущать вкуса еды, мучиться из-за сухости в горле, так как приходится дышать ртом.",0,0,0,1,1,DI[1]|Finding[6],2436121,3,0.09536155313253403,0.10121352970600128,0.5033707022666931,0.34749266505241394,0.29002439975738525
"Раньше я пользовалась Нафтизином, но так как он вызывает сильнейшее привыкание и сушит слизистую пришлось заменить его на более дорогие препараты.",0,0,1,0,0,ADR[4],2436121,4,0.08814500272274017,0.08801236748695374,0.320218563079834,0.32958924770355225,0.2913843095302582
"Он отлично устраняет заложенность носа, снимает отек слизистой оболочки устраняет выделения из носа.",1,0,0,1,0,EF[7]|DI[2],2436121,6,0.1039593517780304,0.10627060383558273,0.40085506439208984,0.34176450967788696,0.275960236787796
"Главное помнить, что использовать его можно не более семи дней, иначе может возникнуть привыкание.",0,0,1,0,0,ADR[3],2436121,7,0.12725533545017242,0.13399070501327515,0.4204864501953125,0.3682228922843933,0.2609195113182068
"Я многое перепробовала, но предпочтение отдала все-таки Ксимелину.",0,0,0,0,0,NEUTRAL,2436121,5,0.0464540533721447,0.04717972129583359,0.22780808806419373,0.3762494921684265,0.2737106382846832
"Сходила к терапевту с симптомами: небольшое повышение температуры, насморк сильный и голова болит, наверное от насморка.",0,0,0,1,0,DI[1],3263317,7,0.055217307060956955,0.06050200015306473,0.4139701724052429,0.3882429599761963,0.21510902047157288
"Но уже на вторые сутки применения я стала чувствовать себя лучше, не скажу, что хорошо, но лучше.",1,0,0,0,0,EF[4],3263317,14,0.12995465099811554,0.14111840724945068,0.5422702431678772,0.3506756126880646,0.2598552405834198
Температура поднималась только к вечеру.,0,0,0,1,0,DI[5],3263317,15,0.0060719712637364864,0.007822884246706963,0.31586501002311707,0.24417683482170105,0.07387591153383255
"И плюс промывала нос, потому что насморк был ужасный.",0,0,0,1,0,DI[6],3263317,17,0.05522911995649338,0.05840643495321274,0.2687823474407196,0.3677414655685425,0.24977846443653107
"У меня нос весь красный стал и шелушащийся, теперь обильно мажу жирным кремом.",0,0,0,1,0,DI[2],3263317,18,0.04356479272246361,0.04871823266148567,0.37828195095062256,0.372763991355896,0.18597953021526337
"В итоге, что хочу сказать Свечи Виферон мне понравились и что самое главное, я заметила эффект и результат от них.",1,0,0,0,0,EF[3],3263317,19,0.0531688891351223,0.048802465200424194,0.20850056409835815,0.29006320238113403,0.33923810720443726
"В общем, назначили мне Свечи Виферон в дозировке №2 (это 500 000 МЕ) по 2 раза в день, через каждые 12 часов.",0,0,0,0,0,NEUTRAL,3263317,12,0.015060818754136562,0.01418590359389782,0.1065310463309288,0.32307854294776917,0.20760348439216614
"Когда наступает время грипов, очень хочется защитить своих деток.",0,0,0,1,0,DI[4],641480,2,0.008134855888783932,0.009465949609875679,0.14107224345207214,0.42398372292518616,0.1586756855249405
"Он и лечит, и для профилактики можно принимать, и имунитет он повышает.",1,0,0,1,0,EF[2]|DI[1],641480,5,0.1381920874118805,0.1469365507364273,0.40287497639656067,0.39340662956237793,0.3094307482242584
Этот противовирусный препарат очень уменьшает вероятность заболевания моих детей.,1,0,0,0,0,EF[3],641480,11,0.03768016770482063,0.03848639130592346,0.1562785804271698,0.4147317409515381,0.24926236271858215
"Если бы все родители серьезно относились к здоровью своих детей и не приводили их больных в детские сады, то грипом болели бы но много меньше.",0,0,0,1,0,DI[5],641480,12,0.030116699635982513,0.03185829520225525,0.15243636071681976,0.4282529354095459,0.28633788228034973
Имунофлазит есть по 50 мл и по 100 мл.,0,0,0,0,0,NEUTRAL,641480,8,0.01524514239281416,0.017759989947080612,0.0832548663020134,0.5998852252960205,0.2136518806219101
Никакого положительного воздействия на детский организм во время ОРВИ не наблюдала.,0,1,0,1,0,INF[1]|DI[2],2662704,2,0.03738664463162422,0.042070139199495316,0.21317823231220245,0.3994126319885254,0.21501678228378296
"Собственно, делаю вывод, что лечение гриппа гомеопатией - не для моих детей.",0,0,0,1,0,DI[3],2662704,3,0.07118315249681473,0.07397957891225815,0.18930500745773315,0.4748144745826721,0.32090553641319275
Покупала анаферон детям по назначению врача.,0,0,0,0,0,NEUTRAL,2662704,1,0.012709950096905231,0.012901592068374157,0.06484794616699219,0.44903454184532166,0.22806653380393982
"Нашли сильное воспаление, врач удивился что я раньше не пришла, ведь у меня должны были быть сильные боли.",0,0,0,1,0,DI[3],880567,2,0.04290604218840599,0.05344289913773537,0.31440505385398865,0.4221075773239136,0.20427840948104858
"Боли конечно были, но не такие сильные как по мнению врача, а так как мне делали кесарево, то я первые 2 месяца кроме шва вообще ничего не чувствовала, а потом просто тянул низ живота, я думала это процесс заживления после операции.",0,0,0,1,0,DI[2],880567,3,0.0691598653793335,0.08791757375001907,0.5345181822776794,0.4007485508918762,0.2942507565021515
"Уже через неделю перестал тянуть живот, а при окончании лечения (12 дней) от воспаления и следа не осталось))) Очень хорошее и эффективное средство местного действия.",1,0,0,1,0,EF[4]|DI[1],880567,6,0.02888748236000538,0.033052459359169006,0.383411705493927,0.3359512686729431,0.14902326464653015
"Первый раз ввести правильно не получилось, капсула очень сильно прилипла снаружи (покрытие у нее как у капсульной таблетки), еле отодрала ее от себя, потом я ее намочила водой и все получилось, при последующем использовании стала так же делать.",0,0,0,0,0,NEUTRAL,880567,5,0.10641108453273773,0.11118323355913162,0.28754517436027527,0.3741096258163452,0.3355601131916046
"После приема первые два чача легче, но потом все симптомы возвращаются.",1,1,0,0,0,EF[1]|INF[2],2447728,2,0.0748472511768341,0.08055280148983002,0.3621344566345215,0.40194466710090637,0.2502278983592987
Попробовал Ингавирин эффекта мало честно говоря.,0,0,0,0,0,NEUTRAL,2447728,1,0.011240729130804539,0.012836522422730923,0.054815057665109634,0.5601273775100708,0.2398635596036911
"Был сложный период в жизни, нервы шалили не на шутку, по ночам не спала .",0,0,0,1,0,DI[3],2538754,1,0.0028296017553657293,0.0038521909154951572,0.9817200303077698,0.03478796035051346,0.020867204293608665
"Эффект от таблеток появился уже через неделю, пропала раздрожительность, плаксивость, стала ко всему относится спокойней.",1,0,1,1,0,EF[1]|ADR[5]|DI[4],2538754,4,0.08177506923675537,0.0976255014538765,0.6864237785339355,0.3342097997665405,0.1911499798297882
"На месяц мне хватило 2х упаковок, пусть он и дороже многих успокоительных средств, но эффект от него есть.",1,0,0,0,0,EF[2],2538754,5,0.17087028920650482,0.18267102539539337,0.4775187373161316,0.3769244849681854,0.29501745104789734
Идти больницу времени на это не было.,0,0,0,0,0,NEUTRAL,2538754,2,0.02752031572163105,0.029548319056630135,0.31669333577156067,0.2708744704723358,0.17852935194969177
"Если вы хотите заново и одновременно испытать боль всех когда-либо поврежденных костей и суставов или даже просто серьёзных ушибов, то этот препарат для вас!",0,0,1,0,0,ADR[1],5326845,1,0.005887969862669706,0.007133154664188623,0.20678497850894928,0.3722798228263855,0.12717938423156738
"На третьей таблетке самое интересное началось... не сразу понял, что всё это от Ликопида, не мог поверить, но четвёртый приём 10 мг.",0,0,1,0,0,ADR[2],5326845,3,0.012241598218679428,0.014242788776755333,0.12192647904157639,0.4951723515987396,0.17686347663402557
"таблетки, убедил меня в этом и поставил жирную точку, в дальнейшем использовании препарата в том числе.",0,0,0,0,0,NEUTRAL,5326845,4,0.06759563833475113,0.0745607316493988,0.44331300258636475,0.2971574366092682,0.24907724559307098
"Через неделю приема появились необоснованные страхи, вялость, аппатия и в то же время агрессия.",0,0,1,0,0,ADR[1],563204,2,0.0034557380713522434,0.004555361345410347,0.9754915833473206,0.054066311568021774,0.018880242481827736
"Слава Богу, врач вовремя заметила, что афобазол так действует, назначила вместо него биотредин.",0,0,0,0,0,NEUTRAL,563204,4,0.0436563678085804,0.0486474446952343,0.1493390053510666,0.49672308564186096,0.3045509159564972
"Заболели всей семьёй ОРВИ, что частно случается в осенний период.",0,0,0,1,0,DI[1],2663330,3,0.05769616737961769,0.06344664096832275,0.30617469549179077,0.40502429008483887,0.22910039126873016
Тоже самое произошло с лечением препаратом Ингавирин.,0,0,0,0,0,NEUTRAL,2663330,2,0.013111180625855923,0.014769669622182846,0.07627815008163452,0.5132935047149658,0.20007681846618652
"Эргоферон мне очень нравится, как вспомогательное средство в борьбе с простудой и другими вирусными заболеваниями.",0,0,0,1,0,DI[1],656261,1,0.0930885523557663,0.09079203754663467,0.21429923176765442,0.40269604325294495,0.34690240025520325
Общее впечатление : При первых признаках простуды -эффективен.,1,0,0,1,0,EF[3]|DI[2],656261,8,0.012595091015100479,0.013432865962386131,0.19438277184963226,0.3026410937309265,0.1316467523574829
"Совершенно не удобно применять первые два-три дня, получается чуть ли не каждые два часа нужно ходить с таблеткой во рту!",0,0,0,0,0,NEUTRAL,656261,3,0.03492999076843262,0.03640730679035187,0.24213360249996185,0.36280471086502075,0.1896282285451889
"И тут недавно вычитала в статье, что в самое обычное лекарство от гриппа «Кагоцел» включили (но зачем???)",0,0,0,1,0,DI[3],2544941,4,0.01441644411534071,0.015397687442600727,0.07057792693376541,0.5006301403045654,0.2709193229675293
"контрацептив, и у некоторых мужчин возникает бесплодие навсегда.",0,0,0,0,1,Finding[2],2544941,5,0.03169669583439827,0.035038311034440994,0.28627821803092957,0.4111621081829071,0.20824165642261505
Диверсия: полечил грипп - оставайся без детей.,0,0,0,1,0,DI[1],2544941,10,0.0008743643411435187,0.0009993227431550622,0.9487942457199097,0.026266567409038544,0.010669445618987083
"Мысли про свекровь опущу, но производители просто подлость совершают.",0,0,0,0,0,NEUTRAL,2544941,9,0.006779781077057123,0.00849995482712984,0.9541581273078918,0.11241336166858673,0.04225842282176018
Весна - время простуды.,0,0,0,1,0,DI[3],913556,1,0.002284092828631401,0.0022779246792197227,0.5814993977546692,0.09019280225038528,0.03462399169802666
"Пришла с работы - слезы градом, насморк такой, что носового платка на раз не хватает.",0,0,0,1,0,DI[5],913556,2,0.0008284685900434852,0.0010488034458830953,0.9901547431945801,0.00974470004439354,0.007445862982422113
"Через три часа смогла немного дышать носом, разговаривать с домашними ""не рыдая"" и не чихая каждую минуту.",1,0,0,1,0,EF[1]|DI[2],913556,7,0.0011809439165517688,0.0014669708907604218,0.9846248626708984,0.017634978517889977,0.011380963958799839
"К вечеру следующего дня почувствовала себя более менее нормальным человеком: нос - дышит, слез - нет, температура нормализовалась.",1,0,0,1,0,EF[6]|DI[4],913556,10,0.017847761511802673,0.02116498537361622,0.6866075992584229,0.25157639384269714,0.10381302237510681
Шипучкам не очень то доверяю.,0,0,0,0,0,NEUTRAL,913556,4,0.031235486268997192,0.03283044695854187,0.15488594770431519,0.38456258177757263,0.26690369844436646
Нам не помогал.,0,1,0,0,0,INF[1],2418508,3,0.013664056546986103,0.014323451556265354,0.10043076425790787,0.3685430586338043,0.2079833596944809
"Не тратьте деньги на это неэффективное средство, мое мнение.",0,1,0,0,0,INF[2],2418508,5,0.03455742821097374,0.03529747202992439,0.3154643476009369,0.29699933528900146,0.18721376359462738
Самые эффективные это ректальные свечи Виферон.,0,0,0,0,0,NEUTRAL,2418508,6,0.006570997182279825,0.006443091202527285,0.05311456695199013,0.37735942006111145,0.15964482724666595
"Доброго времени суток всем читателям сайта ""Отзовик"") С герпесом хотя бы раз сталкивались практически все, даже если кто-то считает, что у них была просто ""простуда на губах"", я их огорчу - это был герпес.",0,0,0,1,0,DI[2],2493805,1,0.028493734076619148,0.024168331176042557,0.20183701813220978,0.27065229415893555,0.39109787344932556
"Результат тоже был как и от ацикловира, чего-то сверхъестественного не заметила, герпес длился, как обычно, четыре дня, потом попустило.",1,1,0,1,0,EF[1]|INF[4]|DI[3],2493805,6,0.10918867588043213,0.11215268075466156,0.258583128452301,0.38688424229621887,0.3788762092590332
"В аптеке рассказывали, что это противовирусный препарат нового поколения, и поможет мне буквально за сутки, чуть ли не за одно применение.",0,0,0,0,0,NEUTRAL,2493805,4,0.14201730489730835,0.14754247665405273,0.33262383937835693,0.3452320992946625,0.40168747305870056
"Но точно уверяю, что эффект свечи дали, заметно и шустро.",1,0,0,0,0,EF[1],1313539,4,0.04286965727806091,0.04436156898736954,0.500656247138977,0.2601543962955475,0.18307921290397644
"Каждую нашу простуду, зубы со всеми прилагающимися прелестями Виферон был среди наших помощников.",0,0,0,1,0,DI[2],1313539,5,0.01139011513441801,0.012199733406305313,0.1318172663450241,0.39322546124458313,0.1679072082042694
"Нормальные свечи, главное, действенные.",1,0,0,0,0,EF[3],1313539,10,0.012187064625322819,0.01230369508266449,0.20709000527858734,0.2388799786567688,0.12683339416980743
Цена у нас около 170 рублей за упаковку 10 шт.,0,0,0,0,0,NEUTRAL,1313539,11,0.02496303804218769,0.02666766569018364,0.16970203816890717,0.3987118899822235,0.18933621048927307
"Мы с сыном частенько мучаемся с синуситами, переходящими в более сложные и затяжные формы заболеваний.",0,0,0,1,0,DI[4],2695437,1,0.07127545028924942,0.07950156182050705,0.3224097490310669,0.4107898473739624,0.24902670085430145
"Сам спрей довольно резкий, жжет слизистую некоторое время после нанесения, ребенку не нравится.",0,0,1,0,0,ADR[1],2695437,6,0.16127870976924896,0.16974258422851562,0.34900176525115967,0.42112085223197937,0.3159051537513733
"Нравится, что этот препарат помимо сосудосуживающего эффекта помогает разжижать густые сопли.",1,0,0,1,0,EF[3]|DI[2],2695437,7,0.12570428848266602,0.12761354446411133,0.3687248229980469,0.3861753046512604,0.292073518037796
Время использования: несколько раз,0,0,0,0,0,NEUTRAL,2695437,9,0.0016698804683983326,0.0017944324063137174,0.9073716998100281,0.022086789831519127,0.033225782215595245
Нос с левой стороны внутри весь вспух и болел.,0,0,0,1,0,DI[1],835072,3,0.020300285890698433,0.029728705063462257,0.35251981019973755,0.4709116816520691,0.11475260555744171
"Я подумала, что герпес какой-нибудь.",0,0,0,1,0,DI[2],835072,4,0.03036777675151825,0.03233788534998894,0.12972237169742584,0.4621259272098541,0.27043262124061584
Герпес вообще заживает очень долго и мучительно.,0,0,0,1,0,DI[7],835072,7,0.02361290529370308,0.029087835922837257,0.14570215344429016,0.5224763751029968,0.20375381410121918
Утром полегче стало.,1,0,0,0,0,EF[3],835072,9,0.023037198930978775,0.026996135711669922,0.38297221064567566,0.33721014857292175,0.1340290904045105
"Смягчило, воспаление стало поменьше.",1,0,0,1,0,EF[8]|DI[6],835072,10,0.05263473838567734,0.06506216526031494,0.4534822106361389,0.3792576789855957,0.17771966755390167
С герпесом вообще бороться очень тяжело и дорого.,0,0,0,1,0,DI[5],835072,13,0.01649044081568718,0.01971902698278427,0.09683553874492645,0.5696613788604736,0.20780225098133087
Побочных эффектов и аллергических реакций у меня не было.,0,0,0,0,1,Finding[4],835072,15,0.14174699783325195,0.15049314498901367,0.4016474485397339,0.39500778913497925,0.2907980680465698
Но одного раза недостаточно.,0,0,0,0,0,NEUTRAL,835072,11,0.07823365181684494,0.08027226477861404,0.47674545645713806,0.29906174540519714,0.18944498896598816
"В первый раз ребёнок пил ""Амизончик"" как противовирусное, и антибиотик, так как лечили бронхит, но у ребёнка началась диарея, и врач заменила антибиотик и отменила Амизончик.",0,0,1,1,0,ADR[5]|DI[6],2633533,2,0.05613671988248825,0.05332014709711075,0.1553109586238861,0.4071173071861267,0.3549264073371887
"Но спустя несколько месяцев мы заболели ОРВИ и нам снова назначают Амизончик, первые два дня никаких побочек не было, но на третий день у дочки началась диарея.",0,0,1,1,0,ADR[1]|DI[3],2633533,4,0.04519422724843025,0.04931348189711571,0.1975158303976059,0.45569559931755066,0.2815602123737335
"Так как в этот раз антибиотика не было, больше всех под сомнение попал Амизончик, как только я перестала его давать ребёнку, диарея прекратилась.",0,0,1,0,0,ADR[2],2633533,5,0.058989375829696655,0.0661306157708168,0.20958779752254486,0.4613156318664551,0.30168408155441284
"В нашем случае Амизончик, не только не помог как противовирусное средство, но и подпортил ЖКТ.",0,1,0,0,0,INF[4],2633533,6,0.049466077238321304,0.050068970769643784,0.15650323033332825,0.44010692834854126,0.2862183153629303
Применяла данный препарат исключительно по назначению врача.,0,0,0,0,0,NEUTRAL,2633533,1,0.06217064708471298,0.06371738016605377,0.2613966763019562,0.37110447883605957,0.2434510886669159
Ожидала со стороны ЖКТ(диарею) но все в порядке.,0,0,0,0,1,Finding[3],862550,2,0.023321881890296936,0.027828725054860115,0.11656388640403748,0.5611242055892944,0.24522274732589722
"Болят суставы, плечи, пальцы, сначала думала ""отлежала"", но они то пройдут, то снова заболят.",0,0,1,0,0,ADR[2],862550,3,0.013438580557703972,0.01811397261917591,0.7840224504470825,0.258655846118927,0.10867968201637268
"Раньше же я не отлеживала суставы плеч ежедневно))) Температура высокая не поднимается, лишь с первого дня приема в глазах песок, не высыпаюсь, т. е. общая слабость.",0,0,1,0,1,ADR[4]|Finding[1],862550,4,0.0036210299003869295,0.004855760373175144,0.9714347124099731,0.1056753396987915,0.0371239148080349
"Думаю что это все можно перетерпеть ради эффекта, который ожидаю) Общее впечатление : Пока эффект непонятен",0,0,0,0,0,NEUTRAL,862550,5,0.594680666923523,0.4584974944591522,0.587643027305603,0.2794870436191559,0.7807639837265015
Хорошо помогает при первых симптомах простуды и гриппа.,0,0,0,1,0,DI[2],2420568,1,0.030334768816828728,0.033968158066272736,0.18489675223827362,0.43248987197875977,0.20610551536083221
При первом же недомогании пошла в аптеку.,0,0,0,1,0,DI[4],2420568,2,0.02892829105257988,0.03399395942687988,0.34266868233680725,0.34739476442337036,0.17707198858261108
"Но через час после приема почувствовала значительное улучшение состояние здоровья (прошел озноб и жар, усталость).",1,0,0,1,0,EF[3]|DI[1],2420568,5,0.042732205241918564,0.05105210840702057,0.6059309244155884,0.3390323519706726,0.15509460866451263
Рекомендую.,0,0,0,0,0,NEUTRAL,2420568,6,0.15098726749420166,0.15980449318885803,0.45315295457839966,0.3534499704837799,0.2868269383907318
"Первый раз нам выписали энцефабол в возрасте 2 месяца, так как у ребенка была родовая травма.",0,0,0,1,0,DI[1],1740396,1,0.059754401445388794,0.06356477737426758,0.17483501136302948,0.46394991874694824,0.33821752667427063
"И вы знаете, помогло.",1,0,0,0,0,EF[6],1740396,3,0.11615852266550064,0.12046466767787933,0.3318490982055664,0.4030427634716034,0.29979825019836426
Следующее узи показало полный порядок.,1,0,0,0,0,EF[5],1740396,4,0.01611112616956234,0.019549483433365822,0.47805994749069214,0.26013273000717163,0.10028041154146194
"Второй раз энцефабол выписали уже в возрасте 2,5 года при задержке речевого развития, причем дозу даже меньшую, чем мы пили в два месяца.",0,0,0,1,0,DI[3],1740396,5,0.040122516453266144,0.04298202320933342,0.1766057163476944,0.4489164352416992,0.29413041472435
"Результаты стали видны через две недели, каждый день начали появляться новые слова, но был один момент.",1,0,0,0,0,EF[2],1740396,7,0.017753787338733673,0.022202854976058006,0.9077572226524353,0.12428560107946396,0.07239772379398346
"Ребенок и так неусидчивый и неспокойный, а тут как с ума сошел, бесится, истерит, никого не слушает.",0,0,1,0,0,ADR[4],1740396,8,0.08530592918395996,0.10514994710683823,0.7226815223693848,0.36527219414711,0.23638510704040527
"В саду воспитатели жалуются, да и мы дома не можем справиться.",0,0,0,0,0,NEUTRAL,1740396,9,0.06171982362866402,0.0661073625087738,0.2883964478969574,0.3940541744232178,0.2804139256477356
"Но как защититься от неё в самом начале, чтобы не пришлось потом долго лечиться от гриппа, ОРЗ, ОРВИ, а в особенности защитить детей, которые ещё и в рот тянут всё подряд) Рекомендую мазь Лубныфарм ""Оксолин"".",0,0,0,1,0,DI[2],2445904,2,0.0072579216212034225,0.006941638421267271,0.05016051605343819,0.39554211497306824,0.26501429080963135
"Она недорогая, простая в применении - всего лишь смазать внутри носа перед выходом из дома, и путь вирусной инфекции в организм закрыт) Ещё ею можно мазать герпетическую сыпь, особенно в комплексе с противовирусными таблетками.",0,0,0,1,0,DI[1],2445904,3,0.03153863176703453,0.03304102271795273,0.25145599246025085,0.3706495761871338,0.2328537553548813
"А вообще, вещь в зимней аптечке просто незаменимая)",0,0,0,0,0,NEUTRAL,2445904,5,0.20664577186107635,0.20631590485572815,0.46789246797561646,0.2886597216129303,0.5227104425430298
"Снотворным Рубикон ""Меласон"" я пользуюсь в то время, когда бывают трудные, напряженные дни и бывает порой такое, что трудно заснуть по ночам.",0,0,0,1,0,DI[3],2661222,1,0.09080475568771362,0.09997549653053284,0.5913382172584534,0.3373476564884186,0.33654898405075073
"Как я заметила, после приема снотворного можно быстро заснуть.",1,0,0,1,0,EF[6]|DI[4],2661222,3,0.11464476585388184,0.12327777594327927,0.4272875487804413,0.3977621793746948,0.26211312413215637
"Кроме применения лекарственнных препаратов, вечером, перед сном я стараюсь успокоиться, снять эмоциональное напряжение.",0,0,0,1,1,DI[7]|Finding[8],2661222,4,0.037787605077028275,0.046946700662374496,0.7367221117019653,0.2751825153827667,0.13076642155647278
"Проветриваю комнату, немного прогуливаюсь перед сном и если плохо засыпаю, то принимаю снотворное, которое способствует хорошему сну.",1,0,0,1,0,EF[1]|DI[2],2661222,5,0.007372620049864054,0.00855359435081482,0.8192101716995239,0.12057356536388397,0.05640852823853493
"Вообще, если есть проблемы с бессонницей, то следует обратиться к невропатологу.",0,0,0,1,0,DI[5],2661222,6,0.039624884724617004,0.0448109433054924,0.21524262428283691,0.45533886551856995,0.2288358509540558
"Конечно, это плохо отображается на общем самочувствии, настроении и работоспособности.",0,0,0,0,0,NEUTRAL,2661222,2,0.004313277080655098,0.005785384215414524,0.9741365909576416,0.05176456272602081,0.02197430655360222
"Моему грудному ребенку прописали свечи ректальный ""виферон"" когда у нас была температура, и врачи думали что это из-за зубов.",0,0,0,1,0,DI[7],594098,1,0.06479603797197342,0.058918774127960205,0.16845551133155823,0.3517962396144867,0.4169430732727051
"На утро у ребенка была жуткая диарея, аж попу всю проела.",0,0,1,0,0,ADR[2],594098,4,0.02867717854678631,0.034711770713329315,0.21363602578639984,0.47255614399909973,0.21455341577529907
"Жгло ей ужасно, я поняла это по тому как она бедняжка вся извивалась пока я ее подмывала.",0,0,1,0,0,ADR[8],594098,5,0.11199846863746643,0.12250203639268875,0.38267847895622253,0.3611180782318115,0.3254730999469757
А на щеках выступило какое-то высыпание.,0,0,1,0,0,ADR[5],594098,6,0.01881655491888523,0.02529146708548069,0.7613282203674316,0.2504362463951111,0.0809352919459343
"Мы сходили ко врачу и она сказала что это диатез и что это из-за свечей, так как те содержат по-моему ""кафетин"" или ""кафеин"", уж не знаю.",0,0,1,0,0,ADR[1],594098,7,0.056541748344898224,0.054270125925540924,0.12902508676052094,0.41135138273239136,0.4361058175563812
"Так что принимая эти свечи следите за ребеночком, если он склонен к диатезу.",0,0,1,0,0,ADR[6],594098,9,0.05259952321648598,0.05292603000998497,0.18668809533119202,0.40220439434051514,0.29389891028404236
Если появились признаки крапивницы прекращайте применение и обращайтесь к своему лечащему врачу.,0,0,1,0,0,ADR[4],594098,10,0.01007421500980854,0.012648503296077251,0.12860450148582458,0.4654836654663086,0.15214747190475464
Общее впечатление : может начаться аллергия RATING 3 NOTE,0,0,1,0,0,ADR[3],594098,11,0.024210866540670395,0.024672668427228928,0.1989215612411499,0.3651675283908844,0.20233610272407532
Я поставила ее вечером.,0,0,0,0,0,NEUTRAL,594098,3,0.013696902431547642,0.014085019007325172,0.2465667724609375,0.24585390090942383,0.1124301552772522
Очень эффективное средство при лечении простуды и гриппа!,0,0,0,1,0,DI[4],587207,1,0.0228122491389513,0.024941151961684227,0.15789130330085754,0.43469497561454773,0.2014491707086563
"В состав входит римантадин-иммуномодулятор, что помогает по сравнению с остальными порошками от простуды на много эффективнее.",1,0,0,1,0,EF[5]|DI[6],587207,3,0.06200103461742401,0.0632629543542862,0.19056436419487,0.41291794180870056,0.3078986704349518
"Парацетамол снимет жар и головную боль, а аскорбиновая кислота-это витамин.",0,0,0,1,0,DI[2],587207,4,0.01855599880218506,0.022305654361844063,0.13627862930297852,0.4855909049510956,0.2139705866575241
"Если вам нужно быстрое выздоровление, то этот препарат поможет вам бытро и эффективно!",1,0,0,0,0,EF[3],587207,6,0.02668391913175583,0.028660260140895844,0.44871142506599426,0.2351679503917694,0.12978611886501312
Общее впечатление : эффективное средство!,1,0,0,0,0,EF[1],587207,7,0.07733982056379318,0.08226489275693893,0.5078412294387817,0.27398407459259033,0.1965131163597107
Снимает симптомы и борется с вирусами.,0,0,0,0,0,NEUTRAL,587207,2,0.017597537487745285,0.02136812172830105,0.14532452821731567,0.4158996641635895,0.17467230558395386
"Так случилась, во время беременности простудилась.",0,0,0,1,0,DI[1],2410110,1,0.05101810395717621,0.055059272795915604,0.3100259006023407,0.36481973528862,0.23698940873146057
"Нос заложило, кашель, поднялась высокая температура.",0,0,0,1,0,DI[4],2410110,2,0.018467234447598457,0.024702468886971474,0.2672056555747986,0.465231716632843,0.1334601193666458
"Не секрет, что вынашивания малыша пить какие либо препараты от простуды запрещено особенно на ранних сроках.",0,0,0,1,0,DI[3],2410110,3,0.10843128710985184,0.11161059886217117,0.3133610785007477,0.39852744340896606,0.3389378786087036
"Нос не дышал, дышать было трудно воздуха катастрофически не хватало.",0,0,0,1,0,DI[6],2410110,7,0.022806333377957344,0.02998739294707775,0.5705273747444153,0.2850798964500427,0.10810481011867523
"Фармацевт посоветовала спрей Гриппферон, уверяла что очень эффективное средство способствует профилактике и лечению гриппа и ОРВИ.",0,0,0,1,0,DI[5],2410110,9,0.061561960726976395,0.06089427322149277,0.16237758100032806,0.4365446865558624,0.347265362739563
"Распыляла его в нос течении четырех дней, результата на меня не какого не оказал, слизистая еще больше раздражалось.",0,0,1,0,0,ADR[2],2410110,13,0.09954648464918137,0.10844776034355164,0.3574034571647644,0.38701778650283813,0.28375229239463806
Но и они оказались мало эффективными.,0,0,0,0,0,NEUTRAL,2410110,6,0.0811736136674881,0.08258847892284393,0.2853434979915619,0.3624347150325775,0.27615347504615784
"У меня или особенность организма такая, или сказывается нехватка витаминов, но весной я болею простудой чаще, чем в любое другое время года.",0,0,0,1,0,DI[6],822369,1,0.12328705191612244,0.12352705746889114,0.34522441029548645,0.37066563963890076,0.36910057067871094
"Запасаюсь и таблетками, у меня уже есть хорошее средство от гриппа и ОРВИ, проверенное с прошлого года.",1,0,0,1,0,EF[8]|DI[4],822369,3,0.05608552694320679,0.056276269257068634,0.2815597355365753,0.3641751706600189,0.2708562910556793
"Таблетки ""Эргоферона"" кроме лечебного эффекта, являются отличным профилактическим средством.",1,0,0,0,1,EF[1]|Finding[7],822369,9,0.0629078671336174,0.06093159690499306,0.1935577541589737,0.40078577399253845,0.30786585807800293
"И не только от вирусов гриппа, но и герпеса.",0,0,0,1,1,DI[2]|Finding[9],822369,10,0.01813604310154915,0.022295331582427025,0.1155296117067337,0.5790079832077026,0.21827606856822968
"По показаниям помогает и при кишечных инфекциях, менингите.",1,0,0,0,1,EF[5]|Finding[10],822369,11,0.03892630338668823,0.04529854282736778,0.15486769378185272,0.516828179359436,0.24535250663757324
"Препарат ""Эргоферон"" эффективен, но и цена приличная.",1,0,0,0,0,EF[3],822369,12,0.027895577251911163,0.028618793934583664,0.10217856615781784,0.43984538316726685,0.2921689450740814
"Общее впечатление : Удобно и эффективно, особенно весной RATING 4 NOTE",0,0,0,0,0,NEUTRAL,822369,15,0.0032516908831894398,0.003375750733539462,0.6277761459350586,0.08232332020998001,0.037274785339832306
у ребенка после 3 укола начались бесконечные обструктивные бронхиты.,0,0,1,0,0,ADR[1],822705,1,0.025171006098389626,0.031209688633680344,0.19731144607067108,0.48974859714508057,0.17991997301578522
Ребенок периодически задыхается.,0,0,1,0,0,ADR[3],822705,2,0.0361475832760334,0.042515117675065994,0.29445159435272217,0.432010293006897,0.199931800365448
Развилась аллергия почти на все группы аллергенов.,0,0,1,0,0,ADR[2],822705,3,0.03783508390188217,0.04139463230967522,0.23084428906440735,0.44598084688186646,0.21752339601516724
Общее впечатление : плохой RATING 1 NOTE,0,0,0,0,0,NEUTRAL,822705,9,0.0604836642742157,0.056689079850912094,0.2168986052274704,0.3451050817966461,0.30228176712989807
"Назначили ликопид после очень затяжной болезни, из-за пониженного иммунитета, с хроническим тонзилитом.",0,0,0,1,0,DI[3],1607970,1,0.02603420615196228,0.02871921844780445,0.11209829896688461,0.5042885541915894,0.25540125370025635
"Через 2 часа начались дикие боли и ломота в позвоночнике, сидеть очень больно, разболелся живот, пью первый день и больше не хочу такого.",0,0,1,0,0,ADR[4],1607970,4,0.04757136479020119,0.05404192581772804,0.3967176377773285,0.42852383852005005,0.22250425815582275
"Позвонила лечащему врачу, описала ситуацию - сказали больше не принимать т, к он может давать аллергическую реакцию.",0,0,0,0,1,Finding[2],1607970,5,0.06558407098054886,0.06934229284524918,0.25846928358078003,0.40453532338142395,0.29674068093299866
"Посоветовали попить тавегил, но я не понимаю при чем тут он и как он может снять боль в спине.",0,0,1,0,0,ADR[1],1607970,6,0.0308797936886549,0.035463083535432816,0.19404347240924835,0.4464658200740814,0.24702176451683044
"Решила начать принимать по 1 мг, а не сразу 10, т. к. многие пишут про побочку.",0,0,0,0,0,NEUTRAL,1607970,2,0.05009907856583595,0.04852987453341484,0.1985190212726593,0.37209412455558777,0.28616535663604736
"Заболел ларинготрахеитом, спустя 10 дней болезни я начала давать ему ликопид, и сама начала его принимать в дозировке 1 мг.",0,0,0,1,0,DI[1],2673885,2,0.03243410214781761,0.035228800028562546,0.11754327267408371,0.4908890724182129,0.3098296821117401
У ребенка на 6-ой день поднялась температура 39!,0,0,0,1,0,DI[2],2673885,3,0.012939832173287868,0.014562686905264854,0.16625277698040009,0.40164437890052795,0.16015659272670746
"Посоветовавшись с педиатром, я сразу отменила ребенку этот препарат, на следующий день температура 40, после осмотра врача- диагноз - гнойная ангина (( принимали антибиотик 5 дней и все прошло... Непонятно, то ли этот препарат дал такую побочку, так как ребенок сидел дома и никуда не выходил- с больными не контактрировал.",0,0,0,1,0,DI[3],2673885,4,0.036899320781230927,0.03542286530137062,0.17001044750213623,0.37064093351364136,0.3464353084564209
Ребенок (4 года) с переходом в новый садик начал очень часто болеть.,0,0,0,0,0,NEUTRAL,2673885,1,0.03426315262913704,0.04159976914525032,0.2064216136932373,0.4727343022823334,0.20087450742721558
Он не является панацеей от всех симптомв простуды.,0,0,0,1,0,DI[1],635587,3,0.035467568784952164,0.03809263929724693,0.18496665358543396,0.39688992500305176,0.21254637837409973
"Лично у меня он сбивает температуру, убирает ломоту в костях, облегчает боль в горле, и снимает немного насморк.",1,0,0,1,0,EF[5]|DI[2],635587,4,0.11460743844509125,0.12027005106210709,0.42133694887161255,0.37603485584259033,0.2832854688167572
Лично мне Антигриппин помог за 2 дня встать на ноги.,1,0,0,0,0,EF[4],635587,7,0.020925601944327354,0.022991321980953217,0.2960856258869171,0.3169809877872467,0.13224582374095917
"Но при этом, никто не отменяет применение других лекарств для устранения насморка и боли в горле.",0,0,0,1,0,DI[3],635587,8,0.02268744632601738,0.024662131443619728,0.22115562856197357,0.33757972717285156,0.164591446518898
"Мой муж тоже подхватил какой-то вирус, принимал 2 дня и также поправился.",1,0,0,0,0,EF[6],635587,9,0.06834596395492554,0.07057876139879227,0.2509121000766754,0.3930974304676056,0.3136923611164093
Тогда будет все хорошо.,0,0,0,0,0,NEUTRAL,635587,6,0.0025850737001746893,0.002676655538380146,0.787825345993042,0.042586036026477814,0.028851499781012535
Одним из симптомов моего заболевания-с 5 лет упорная бессонница.,0,0,0,1,0,DI[3],2702457,2,0.04396175965666771,0.054885078221559525,0.5031176805496216,0.4164128601551056,0.16298793256282806
Не мог засыпать сутками.,0,0,0,1,0,DI[4],2702457,3,0.004502280615270138,0.005814629141241312,0.8999047875404358,0.09258381277322769,0.029969798400998116
Не помогали ни бензодиазепины ни сонапакс ни галоперидол ни трифтазин.,0,1,0,0,0,INF[5],2702457,4,0.014352583326399326,0.018070770427584648,0.09851576387882233,0.5943387746810913,0.2354501634836197
И лишь только азалептин-хорошо справляется с бессонницей но имеет побочных меньше чем аминазин.,1,0,0,1,0,EF[1]|DI[2],2702457,6,0.010098787024617195,0.012243467383086681,0.10895585268735886,0.5159721970558167,0.18855705857276917
Аминазин помогал но от него сильно много побочных.,0,0,0,0,0,NEUTRAL,2702457,5,0.00930713675916195,0.010985642671585083,0.0624774768948555,0.5336747765541077,0.22602736949920654
Лечить ею депрессивные состояния это всё равно что лечить грипп витаминами.,0,0,0,1,1,DI[3]|Finding[2],579743,2,0.016920916736125946,0.02382211945950985,0.15056642889976501,0.5494202375411987,0.20578105747699738
"В результате понял, что это не медикаментозный препарат, а банальная биодобавка, от которой толку как с козла молока :) Понял это по НУЛЕВОМУ результату лечения.",0,1,0,0,0,INF[1],579743,4,0.10127648711204529,0.10858291387557983,0.30164778232574463,0.4251660704612732,0.3183552920818329
Я купил глицисед и принимал его неделю.,0,0,0,0,0,NEUTRAL,579743,3,0.03496798127889633,0.03816712275147438,0.16497957706451416,0.4343909025192261,0.2657737135887146
"По рекомендации педиатра, стала мазать ребенку носик перед тем как выйти на улицу или перед походами в детский сад с целью профилактики вирусной инфекции и гриппа.",0,0,0,1,0,DI[3],2686291,1,0.09957808256149292,0.102997325360775,0.3062032461166382,0.41681960225105286,0.30649545788764954
"Особого эффекта не заметила, так как ребенок как болел, так и болеет (с мазью ""Виферон"" или нет).",0,1,0,0,0,INF[1],2686291,2,0.024607673287391663,0.026378940790891647,0.14607204496860504,0.40510594844818115,0.22582124173641205
"НО вот ректальные свечи ""Виферон"" (а также свечи ""Генферон лайт"") при болезнях помогают справится с инфекцией, если конечно, инфекция вирусная, а не бактериальная.",1,0,0,0,0,EF[2],2686291,4,0.015038114972412586,0.016370153054594994,0.06677520275115967,0.47030994296073914,0.25915077328681946
Мазь предназначена для лечения: - вирусной инфекции (в том числе герпетической) ; - вирусное поражения кожи и слизистых оболочек; А также для профилактики ОРВИ и гриппа.,0,0,0,1,0,DI[4],2686291,5,0.052711497992277145,0.05687812715768814,0.24509787559509277,0.4384816884994507,0.24410003423690796
Время использования: 1 год,0,0,0,0,0,NEUTRAL,2686291,7,0.00145813194103539,0.0015194967854768038,0.908226728439331,0.022127415984869003,0.02903173305094242
"Ну скажу так, смотря на всех деток которые уже разговаривали предложениями, то мы же говорили только отдельные слова, Сначала начала говорить нам воспитатель, что ребенок в таком возрасте должен уже говорить два и более слова в предложении, да и бабушки настаивали.",0,0,0,1,0,DI[1],2460790,4,0.1204005554318428,0.13077229261398315,0.3566206395626068,0.34090369939804077,0.5138402581214905
Наш малыш начал говорить по два три слова в предложении.,1,0,0,0,0,EF[2],2460790,7,0.03698976710438728,0.04567060247063637,0.42189672589302063,0.3787885904312134,0.1819528192281723
Особых каких то побочных действий я не заметила(хотя говорили что дитя будет немного возбудимым) может из за того что мы пили еще и киндинорм этого не было видно.,0,0,0,0,1,Finding[3],2460790,10,0.06574559956789017,0.0659833624958992,0.1923607885837555,0.41713494062423706,0.38444018363952637
Пошли мы к нервопатологу и нам выписали Энцефабол в комплексе с Киндинормом и Лицетином.,0,0,0,0,0,NEUTRAL,2460790,5,0.026637475937604904,0.030528049916028976,0.08626623451709747,0.5713678598403931,0.35673126578330994
"Мой ребенок относился к группе ЧБД (частоболеющие дети), в анамнезе имелась еще бронхиальная астма.",0,0,0,0,1,Finding[4],2735484,2,0.05289734899997711,0.0582677386701107,0.23483368754386902,0.4734240174293518,0.2837729752063751
"Наблюдались у аллерголога, которая и прописала нам препарат в составе общей терапии (заболели ОРВИ).",0,0,0,1,0,DI[6],2735484,3,0.020473431795835495,0.022592436522245407,0.15413740277290344,0.43644940853118896,0.20372191071510315
Далее рекомендовала принимать курсами по определенной схеме с профилактической целью.,0,0,0,1,0,DI[5],2735484,4,0.00969019252806902,0.009834308177232742,0.13993191719055176,0.2874090075492859,0.15320900082588196
"Препарат нам подошел и очень помог: если ребенок раньше болел до 10 раз за год, то после нескольких курсов 1-2 раза в год!",1,0,0,0,0,EF[2],2735484,5,0.043469175696372986,0.04352889582514763,0.18935184180736542,0.3575859069824219,0.27388957142829895
"Даже процесс адаптации в начальной школе прошел благополучно, даже в эпидемии ребенок не болел.",1,0,0,0,0,EF[1],2735484,6,0.053909722715616226,0.0662972629070282,0.6394901275634766,0.3641529679298401,0.1782703846693039
"Препарат до сих пор принимаем курсами всей семьей и с профилактической целью, и при простуде!",0,0,0,1,0,DI[3],2735484,7,0.05401606112718582,0.056011784821748734,0.2790830135345459,0.3799436092376709,0.24869076907634735
Впервые препарат Циклоферон попробовали в 2006 году.,0,0,0,0,0,NEUTRAL,2735484,1,0.012971400283277035,0.01282833144068718,0.06589227169752121,0.4437294602394104,0.24048471450805664
Наш участковый педиатр при каждом эпизоде простуды прописывал ректальные свечи Виферон по одному супозиторию в попку два раза в день.,0,0,0,1,0,DI[1],697047,3,0.04053860902786255,0.040274400264024734,0.1821335107088089,0.36581048369407654,0.27487942576408386
Мой сын с шести месяцев очень часто болел.,0,0,0,0,0,NEUTRAL,697047,1,0.041871752589941025,0.04820433631539345,0.2473602592945099,0.39467400312423706,0.2237098664045334
"В инструкции пишут, что это иммуностимулирующее средство, повышает сопротивляемость организма к бактериальным и вирусным инфекциям.",0,0,0,1,0,DI[3],950111,8,0.11810305714607239,0.11931251734495163,0.23573783040046692,0.4550057649612427,0.3681991696357727
Мы пропили курс 2 недели и через неделю после прекращения приема заболели снова.,0,1,0,0,0,INF[1],950111,9,0.022272631525993347,0.024514032527804375,0.1622186303138733,0.39260584115982056,0.2034420669078827
Вывод: нам этот сироп не помог к сожалению.,0,1,0,0,0,INF[2],950111,10,0.05809459090232849,0.05847867578268051,0.20679423213005066,0.37059932947158813,0.2794796824455261
"Я посоветовалась с нашим педиатром, и она нам порекомендовала Биоарон С. Сказала, что он натуральный, там алоэ.",0,0,0,0,0,NEUTRAL,950111,4,0.015348469838500023,0.016927922144532204,0.05750289559364319,0.49730774760246277,0.3432482182979584
Это самое легкое и безопасное средство для успокоения нервной системы и улучшения памяти.,0,0,0,1,0,DI[3],2445498,2,0.01802198961377144,0.02162245474755764,0.5734321475028992,0.27772337198257446,0.09790655970573425
"Уже во взрослом возрасте врач-невролог мне сказала очень интересную вещь: Если вы не можете уснуть, то достаточно 2-3 таблетки глицина и вы заснете сном младенца.",0,0,0,0,1,Finding[7],2445498,3,0.03522602468729019,0.04080730304121971,0.3369216024875641,0.3936280906200409,0.2541468143463135
"Валерьяна мне не помогает, фенозепамом я не увлекаюсь, а вот безопасный глицин отлично помогает заснуть, при чем очень быстро.",1,1,1,0,0,EF[12]|INF[9]|ADR[11],2445498,5,0.13141107559204102,0.13877828419208527,0.3658154010772705,0.40674641728401184,0.3442803919315338
Когда нервничаю мне он очень помогает успокоиться.,1,0,0,1,0,EF[1]|DI[14],2445498,8,0.03693876042962074,0.043278131633996964,0.3154591917991638,0.40672382712364197,0.24047239124774933
Я всегда быстро разжевываю пару таблеток глицина и мне становится спокойнее.,1,0,0,1,0,EF[8]|DI[10],2445498,9,0.06624571233987808,0.07454315572977066,0.3620751202106476,0.41659092903137207,0.23672756552696228
Сердце молотит уже не так быстро.,1,0,0,1,0,EF[5]|DI[2],2445498,10,0.0008832255261950195,0.0010818600421771407,0.9895597696304321,0.00841715931892395,0.005866250954568386
Также если в голове кавардак глицин помогает поставить голову на место.,1,0,0,0,0,EF[13],2445498,11,0.0047034211456775665,0.00613791448995471,0.374715656042099,0.33864346146583557,0.1250709742307663
Он нормализует мозговое кровообращение.,1,0,1,0,0,EF[4]|ADR[15],2445498,12,0.03685549274086952,0.04658854752779007,0.3070763647556305,0.4536367952823639,0.19410867989063263
"В некоторых случаях может болеть желудок, но если его пить лошадиными дозами.",0,0,1,0,0,ADR[6],2445498,15,0.05220871791243553,0.05833321064710617,0.28893551230430603,0.44780731201171875,0.20503871142864227
"А так очень замечательное средство, которое назначают и маленьким деткам.",1,0,0,0,0,EF[16],2445498,16,0.04747511073946953,0.04635712131857872,0.18482403457164764,0.36186423897743225,0.2960480749607086
Рекомендую.,0,0,0,0,0,NEUTRAL,2445498,17,0.15098726749420166,0.15980449318885803,0.45315295457839966,0.3534499704837799,0.2868269383907318
"Позиционируется это средство, как супер-средство при первых признаках простуды.",0,0,0,1,0,DI[3],936675,5,0.1294461190700531,0.13599032163619995,0.34338104724884033,0.4023149907588959,0.2999396324157715
"Профилактика, одним словом.",0,0,0,1,0,DI[1],936675,6,0.0026719525922089815,0.0028218799270689487,0.6961820125579834,0.07677900046110153,0.032319940626621246
"Я говорю, что не действует, а они все равно выписывают.",0,1,0,0,0,INF[4],936675,9,0.04490210860967636,0.04540858417749405,0.18285810947418213,0.3985302746295929,0.2695753276348114
"Скажу так, средство не помогает ни при первых признаках, ни в период лечения скорейшему выздоровлению.",0,1,0,0,0,INF[2],936675,10,0.09876853972673416,0.09818534553050995,0.3025638461112976,0.35724157094955444,0.2984439730644226
"Такое разрекламированное в последние годы средство ""Амизон"", а вот толку от него совершенно никакого.",0,0,0,0,0,NEUTRAL,936675,1,0.0152280293405056,0.014878123998641968,0.1064150258898735,0.4023458659648895,0.2107088565826416
"В период эпидемии нам врач посоветовала их пропить, так как еще у нас был период прорезывания зубов, и чтобы не подхватить вирус, мы пропили курс анаферона.",0,0,0,1,0,DI[4],590646,2,0.04962724447250366,0.04749048873782158,0.17822755873203278,0.3516593873500824,0.33827075362205505
"Но когда моя малышка простыла, (через пару месяцев), нам снова выписали анаферон, и вот тогда от него действия никакого не было, и нам пришлось сочетать с другими противовирусными средствами.",0,1,0,1,0,INF[3]|DI[1],590646,3,0.03624345734715462,0.03717248886823654,0.22019891440868378,0.32463565468788147,0.25512805581092834
"Общее впечатление : Не особо хорош препарат, слабый для часто болеющих детей RATING 4 NOTE",0,1,0,0,0,INF[2],590646,6,0.005590818356722593,0.0060114203952252865,0.0637490376830101,0.36222556233406067,0.15453629195690155
Вывод таков: одно противовирусное средство не чаще 2 раз в год можно принимать.,0,0,0,0,0,NEUTRAL,590646,4,0.03118453174829483,0.03195558115839958,0.12478537857532501,0.43223074078559875,0.25020313262939453
"Угораздило меня подхватить вирусную инфекцию летом, как я уже писала, препарат арбидол мне не очень помог.",0,0,0,1,0,DI[1],246591,1,0.03298654034733772,0.03509834036231041,0.22332550585269928,0.39979997277259827,0.20641858875751495
"Могу сказать, что временное облегчение он обеспечивает, и на вкус довольно приятным оказался, даже вкусным.",1,0,0,0,0,EF[2],246591,3,0.1981114000082016,0.21153149008750916,0.41177505254745483,0.3981896638870239,0.34438061714172363
"После приема действительно становилось легче, и горло меньше болело и нос не так закладывало.",1,0,0,1,0,EF[4]|DI[3],246591,5,0.1033797338604927,0.10962360352277756,0.39511436223983765,0.35844266414642334,0.28745368123054504
Я принимала антигриппин когда было особенно тяжело в первые 2 дня заболевания.,0,0,0,0,0,NEUTRAL,246591,7,0.044491324573755264,0.043668292462825775,0.23178915679454803,0.32218021154403687,0.23024383187294006
"В последнее время стала плохо спать, Засыпаю довольно быстро, но несколько раз за ночь просыпаюсь.",0,0,0,1,0,DI[3],2443740,1,0.14512626826763153,0.16548660397529602,0.6234751343727112,0.3586180806159973,0.26779261231422424
"Вот ведь ирония, днем от него глаза просто закрываются, а вот ночью словно второе дыхание открывается, о каком сне может быть речь??",0,0,1,0,0,ADR[6],2443740,8,0.003158555133268237,0.0038415384478867054,0.978603184223175,0.059805113822221756,0.03598755598068237
Так что мне эта настойка не помогла.,0,1,0,0,0,INF[2],2443740,9,0.06068551912903786,0.06385043263435364,0.24919791519641876,0.39833709597587585,0.25875550508499146
"Я по-прежнему не сплю, да и спокойнее вроде тоже не стала) К сожалению)",0,1,0,1,1,INF[4]|DI[5]|Finding[1],2443740,10,0.03567005321383476,0.036260250955820084,0.2964121997356415,0.3215911388397217,0.27760744094848633
"Все-таки я считаю, что лучше попить настойки трав, чем таблетки.",0,0,0,0,0,NEUTRAL,2443740,4,0.06390891224145889,0.07012979686260223,0.293291836977005,0.37172770500183105,0.22783228754997253
"Порошковый препарат, который эффективен при первых же симптомах простуды.",0,0,0,1,0,DI[1],656346,1,0.016541259363293648,0.01812986470758915,0.16269275546073914,0.3467203676700592,0.16680952906608582
"На самом деле, то он эффективен, но что же там такое в составе, что так быстро проходит болезнь, явно не волшебное составляющее(.",1,0,0,0,0,EF[5],656346,3,0.058331653475761414,0.05820659548044205,0.2492767721414566,0.3466286361217499,0.2808476388454437
"Незаменимый препарат, когда болеть некогда, необходимо идти на работу, если у тебя нет права на больничный.",1,0,0,0,0,EF[4],656346,5,0.024601774290204048,0.02483392134308815,0.24202285706996918,0.3025912046432495,0.1755729466676712
"Препарат приятный на вкус, растворяешь в воде, выпиваешь, прячешься под одеяло и потеешь, выталкиваешь все микробы на поверхность))) Общее впечатление : Помагает снять симптомы ОРВИ RATING 4 NOTE",1,0,0,1,0,EF[2]|DI[3],656346,6,0.009066229686141014,0.010015088133513927,0.12128710001707077,0.35818910598754883,0.1614508479833603
"Наколотил, выпил и можешь ложиться спать).",0,0,0,0,0,NEUTRAL,656346,2,0.011864486150443554,0.014424290508031845,0.26428693532943726,0.344543993473053,0.17998002469539642
"Моя дочь очень часто болеет гнойной ангиной и врач посоветовал нам сдать кровь на вирус Эштейна Барра, мы сдали и анализ оказался положительным.",0,0,0,1,0,DI[2],1528477,1,0.07288573682308197,0.06948434561491013,0.19646361470222473,0.3931563198566437,0.36676499247550964
"Нам назначили этот препарат, после него доченьку начало тошнить и рвота, аппетита никакого.",0,0,1,0,0,ADR[1],1528477,2,0.05535484105348587,0.0606151781976223,0.20253150165081024,0.4562494456768036,0.29463768005371094
Дочери 6 лет.,0,0,0,0,0,NEUTRAL,1528477,3,0.0012215094175189734,0.0012969953240826726,0.7565006017684937,0.06040685251355171,0.02103693224489689
Крем для наружного применения Фенистил Пенцивир нам посоветовала педиатр из поликлиники как средство против аллергии наружное.,0,0,0,1,0,DI[4],591900,1,0.05024702847003937,0.04891772195696831,0.15070369839668274,0.4153491258621216,0.34365981817245483
"Мы пробовали, когда была просто аллергия на непонятный нам продукт - легче не стало.",0,1,0,1,0,INF[5]|DI[1],591900,3,0.08727949857711792,0.08844326436519623,0.2981075644493103,0.3699600100517273,0.28716713190078735
