EF,INF,ADR,DI,Finding,annotation,review_id,sentence_id,p_EF,p_INF,p_ADR,p_DI,p_Finding
0,1,0,0,0,INF[6],591900,4,0.005321502685546875,0.9252009391784668,0.0960131287574768,0.8416290879249573,0.08873587846755981
0,1,0,0,0,INF[3],591900,5,0.034646689891815186,0.9687396883964539,0.02302137017250061,0.023348212242126465,0.016641855239868164
0,1,0,0,0,INF[7],591900,6,0.03379204869270325,0.005988210439682007,0.0348476767539978,0.9893742799758911,0.010374486446380615
0,1,0,0,0,INF[2],591900,7,0.07778173685073853,0.9625720977783203,0.02131354808807373,0.012218087911605835,0.01743176579475403
0,0,0,0,0,NEUTRAL,591900,2,0.009035706520080566,0.007543087005615234,0.011162877082824707,0.012049704790115356,0.008022010326385498
1,0,0,0,0,EF[3],2663253,4,0.9811310768127441,0.021253466606140137,0.01978147029876709,0.030275166034698486,0.01739025115966797
0,0,0,1,0,DI[1],2663253,5,0.008372396230697632,0.009796679019927979,0.009767293930053711,0.9799805283546448,0.009361624717712402
1,0,0,0,0,EF[6],2663253,9,0.9807981252670288,0.018146008253097534,0.024103671312332153,0.023613721132278442,0.022351890802383423
1,0,0,0,0,EF[4],2663253,10,0.9771197438240051,0.017703205347061157,0.020992428064346313,0.02526676654815674,0.018243521451950073
1,0,0,0,0,EF[2],2663253,11,0.03246423602104187,0.009102970361709595,0.007002800703048706,0.008866876363754272,0.0062992870807647705
0,0,0,1,0,DI[5],2663253,12,0.010370254516601562,0.009276747703552246,0.009747713804244995,0.984593391418457,0.010950803756713867
0,0,0,0,0,NEUTRAL,2663253,2,0.006179600954055786,0.026902109384536743,0.008666425943374634,0.008545786142349243,0.011833608150482178
0,0,0,1,0,DI[7],832817,1,0.011698931455612183,0.017049074172973633,0.008744001388549805,0.989588737487793,0.011741816997528076
0,0,0,1,0,DI[10],832817,2,0.004344254732131958,0.00492820143699646,0.11922752857208252,0.9653598070144653,0.026165902614593506
0,0,0,1,0,DI[3],832817,3,0.037786394357681274,0.014518916606903076,0.006465405225753784,0.9886271953582764,0.00709766149520874
0,0,0,1,0,DI[9],832817,4,0.01016843318939209,0.02392655611038208,0.008056789636611938,0.9929025173187256,0.030583858489990234
1,0,0,0,0,EF[6],832817,7,0.9354419112205505,0.012896448373794556,0.01783183217048645,0.013672113418579102,0.013652682304382324
1,0,0,1,1,EF[1]|DI[8]|Finding[2],832817,8,0.022889703512191772,0.9720378518104553,0.1733296513557434,0.9822368621826172,0.09807220101356506
1,0,0,1,0,EF[5]|DI[4],832817,11,0.015976011753082275,0.015087336301803589,0.010087937116622925,0.9903591871261597,0.010181814432144165
0,0,0,0,0,NEUTRAL,832817,13,0.8323122262954712,0.02157074213027954,0.01356440782546997,0.00684240460395813,0.009672701358795166
1,0,0,1,0,EF[4]|DI[2],905423,1,0.03420349955558777,0.8177216053009033,0.017101556062698364,0.9681732654571533,0.012650609016418457
0,1,0,0,0,INF[1],905423,6,0.1914595365524292,0.0385761559009552,0.007539421319961548,0.004491835832595825,0.0054209232330322266
0,1,0,1,0,INF[3]|DI[5],905423,7,0.006764233112335205,0.009187102317810059,0.01842552423477173,0.985506534576416,0.030935168266296387
0,0,0,0,0,NEUTRAL,905423,5,0.003839045763015747,0.017385482788085938,0.04083758592605591,0.00794363021850586,0.0211925208568573
0,0,0,1,0,DI[3],578508,1,0.020546406507492065,0.6140110492706299,0.017576903104782104,0.9899584650993347,0.018532752990722656
0,1,0,1,0,INF[1]|DI[2],578508,4,0.007234692573547363,0.008112490177154541,0.01289483904838562,0.9753043055534363,0.010016560554504395
0,0,0,0,0,NEUTRAL,578508,6,0.01213383674621582,0.009339094161987305,0.010524630546569824,0.9378658533096313,0.3987540602684021
0,0,0,1,0,DI[1],2707053,2,0.12909114360809326,0.009052246809005737,0.32642117142677307,0.9846485257148743,0.00937950611114502
0,0,0,0,0,NEUTRAL,2707053,5,0.00803840160369873,0.006742328405380249,0.007614731788635254,0.02018144726753235,0.03571048378944397
0,0,0,1,0,DI[1],2443835,2,0.013435304164886475,0.007505625486373901,0.008944839239120483,0.9819433093070984,0.009100586175918579
1,0,0,0,0,EF[2],2443835,5,0.981682300567627,0.1053706705570221,0.016435325145721436,0.018582135438919067,0.018591314554214478
0,0,0,1,0,DI[3],2443835,6,0.9838943481445312,0.027429312467575073,0.021463900804519653,0.9792995452880859,0.04584145545959473
0,0,0,0,0,NEUTRAL,2443835,3,0.5523263216018677,0.007482796907424927,0.009464889764785767,0.010067611932754517,0.006392031908035278
0,1,0,0,0,INF[1],264987,2,0.031014204025268555,0.9705736637115479,0.021060049533843994,0.02449020743370056,0.019850224256515503
0,1,1,0,0,INF[5]|ADR[7],264987,3,0.0014369189739227295,0.21745318174362183,0.3149532675743103,0.9089175462722778,0.1383730173110962
1,0,0,1,1,EF[8]|DI[2]|Finding[10],264987,8,0.9875977039337158,0.02005186676979065,0.07143545150756836,0.9862202405929565,0.09845620393753052
0,0,0,1,0,DI[3],264987,9,0.007577866315841675,0.008913010358810425,0.008039712905883789,0.9817723631858826,0.017024338245391846
1,0,1,0,0,EF[12]|ADR[9],264987,10,0.9755058288574219,0.011529713869094849,0.9320840835571289,0.2551518678665161,0.11919483542442322
0,0,0,0,1,Finding[6],264987,11,0.03018331527709961,0.16448074579238892,0.03641235828399658,0.386315256357193,0.9762817621231079
1,0,0,0,0,EF[4],264987,12,0.9657893180847168,0.018390536308288574,0.01643615961074829,0.02339768409729004,0.01286134123802185
1,0,0,0,0,EF[11],264987,13,0.9618551135063171,0.015395045280456543,0.0182187557220459,0.020320355892181396,0.013504713773727417
0,0,0,0,0,NEUTRAL,264987,5,0.028542250394821167,0.9740772247314453,0.022305160760879517,0.03048461675643921,0.023362815380096436
0,0,0,1,0,DI[1],618094,1,0.010449737310409546,0.009840667247772217,0.018019020557403564,0.9916766285896301,0.020409375429153442
0,0,0,1,0,DI[6],618094,2,0.008220523595809937,0.018388450145721436,0.9693399667739868,0.1761038601398468,0.020577222108840942
1,1,0,0,0,EF[4]|INF[3],618094,3,0.9480203986167908,0.9708216190338135,0.1886213719844818,0.3654751181602478,0.04066342115402222
0,0,0,1,0,DI[5],618094,4,0.002811640501022339,0.007036089897155762,0.27429673075675964,0.9203842878341675,0.02109229564666748
0,1,1,0,0,INF[9]|ADR[7],618094,5,0.003561645746231079,0.8847293853759766,0.8836532831192017,0.18803897500038147,0.2314128279685974
0,1,0,0,0,INF[10],618094,6,0.010981947183609009,0.9715272188186646,0.022635459899902344,0.041886359453201294,0.0403999388217926
1,0,0,1,0,EF[8]|DI[2],618094,7,0.1808588206768036,0.003137260675430298,0.007055789232254028,0.4464871883392334,0.01834338903427124
0,0,0,0,0,NEUTRAL,618094,8,0.07963085174560547,0.9732992649078369,0.020917057991027832,0.01887589693069458,0.017820030450820923
0,0,0,1,0,DI[2],5967832,2,0.007106959819793701,0.035920530557632446,0.009939044713973999,0.9806098937988281,0.329601913690567
0,0,0,1,0,DI[3],5967832,3,0.004755556583404541,0.8358706831932068,0.009991437196731567,0.8931189775466919,0.35493290424346924
1,0,0,0,0,EF[1],5967832,5,0.9755921363830566,0.018533259630203247,0.01933586597442627,0.021049976348876953,0.019100069999694824
1,0,0,0,0,EF[4],5967832,6,0.9722801446914673,0.020045459270477295,0.01516374945640564,0.021799087524414062,0.0215643048286438
0,0,0,0,0,NEUTRAL,5967832,1,0.01765608787536621,0.0040569007396698,0.00613972544670105,0.15436875820159912,0.32393306493759155
0,0,0,1,0,DI[7],2503811,3,0.07047438621520996,0.010879546403884888,0.9874558448791504,0.051983922719955444,0.03527629375457764
0,0,0,1,0,DI[6],2503811,4,0.005020499229431152,0.002713799476623535,0.48439833521842957,0.03617098927497864,0.015588849782943726
1,0,0,0,0,EF[1],2503811,5,0.9705522060394287,0.021030813455581665,0.015746265649795532,0.021794050931930542,0.015309154987335205
1,0,0,1,0,EF[3]|DI[5],2503811,11,0.7617485523223877,0.03399240970611572,0.9915573596954346,0.0955880880355835,0.04529273509979248
0,1,0,1,0,INF[2]|DI[4],2503811,12,0.013663262128829956,0.9741377830505371,0.016008883714675903,0.40697920322418213,0.13537099957466125
0,0,0,0,0,NEUTRAL,2503811,14,0.00850704312324524,0.00824764370918274,0.012594640254974365,0.013242065906524658,0.0057392418384552
0,1,0,1,0,INF[2]|DI[1],2500038,3,0.10341852903366089,0.019103258848190308,0.009395420551300049,0.9957869052886963,0.20274800062179565
0,0,0,0,0,NEUTRAL,2500038,4,0.006438016891479492,0.006723731756210327,0.011728227138519287,0.017095237970352173,0.007437974214553833
0,0,0,1,0,DI[3],2385506,3,0.008294820785522461,0.006894797086715698,0.010905742645263672,0.9820683002471924,0.015370577573776245
0,1,1,1,0,INF[5]|ADR[2]|DI[4],2385506,5,0.11266982555389404,0.6699366569519043,0.019596219062805176,0.996860146522522,0.04718181490898132
0,1,0,0,0,INF[1],2385506,7,0.020305544137954712,0.9786766767501831,0.037803471088409424,0.01959410309791565,0.059485167264938354
0,0,0,0,0,NEUTRAL,2385506,4,0.011343568563461304,0.006680279970169067,0.00832819938659668,0.017462551593780518,0.0057784318923950195
0,0,0,1,0,DI[1],656249,3,0.01056012511253357,0.010311692953109741,0.015607357025146484,0.9850526452064514,0.009084761142730713
0,0,0,0,0,NEUTRAL,656249,7,0.020935356616973877,0.8957014083862305,0.013743579387664795,0.008849889039993286,0.024978458881378174
0,0,0,1,0,DI[1],1394389,1,0.011744976043701172,0.009171515703201294,0.007362872362136841,0.9856064319610596,0.014627844095230103
0,0,0,1,0,DI[5],1394389,3,0.018203437328338623,0.009316056966781616,0.0066408514976501465,0.9877687096595764,0.016264259815216064
0,0,1,0,0,ADR[2],1394389,9,0.0030628442764282227,0.004622012376785278,0.030858367681503296,0.94876629114151,0.06982597708702087
0,1,0,0,0,INF[6],1394389,19,0.13462212681770325,0.024826407432556152,0.006475627422332764,0.005231976509094238,0.007436901330947876
0,1,0,0,0,INF[4],1394389,20,0.014276504516601562,0.9793885946273804,0.02258598804473877,0.05443033576011658,0.059430211782455444
0,1,0,0,0,INF[7],1394389,25,0.03142029047012329,0.9793990254402161,0.02522367238998413,0.03287911415100098,0.023805946111679077
0,1,0,0,0,INF[3],1394389,26,0.027417808771133423,0.794174313545227,0.011774718761444092,0.007494926452636719,0.013451427221298218
0,0,0,0,0,NEUTRAL,1394389,24,0.004640638828277588,0.005702584981918335,0.019189298152923584,0.013093531131744385,0.01430860161781311
0,0,0,1,0,DI[2],183478,1,0.008579045534133911,0.008264094591140747,0.011322200298309326,0.9825947880744934,0.01146852970123291
0,0,1,0,1,ADR[4]|Finding[6],183478,3,0.01254415512084961,0.010890752077102661,0.9746140241622925,0.09123262763023376,0.020411193370819092
0,0,1,0,0,ADR[3],183478,5,0.013627171516418457,0.05243363976478577,0.9888956546783447,0.012911736965179443,0.1426006257534027
0,0,1,0,0,ADR[1],183478,8,0.030487030744552612,0.018829524517059326,0.07035359740257263,0.05982571840286255,0.9569082856178284
0,0,1,0,0,ADR[5],183478,9,0.017275065183639526,0.012555956840515137,0.9489761590957642,0.013046324253082275,0.01367872953414917
0,0,0,0,0,NEUTRAL,183478,7,0.007288932800292969,0.06094786524772644,0.0047144293785095215,0.011978209018707275,0.04776287078857422
0,0,0,1,0,DI[3],273111,1,0.006357401609420776,0.006301075220108032,0.009561628103256226,0.9768170714378357,0.02455422282218933
1,0,0,1,0,EF[9]|DI[10],273111,2,0.8867554068565369,0.014468222856521606,0.010616838932037354,0.9852477312088013,0.015796273946762085
1,0,0,1,0,EF[5]|DI[2],273111,3,0.9568570852279663,0.012485742568969727,0.01165074110031128,0.9635536074638367,0.025463134050369263
0,0,0,1,0,DI[4],273111,4,0.01526591181755066,0.02542915940284729,0.01028519868850708,0.9916229248046875,0.010256171226501465
0,1,0,1,0,INF[7]|DI[11],273111,5,0.04840397834777832,0.9506586790084839,0.04309767484664917,0.9914904832839966,0.0728205144405365
0,0,0,1,0,DI[1],273111,6,0.011743873357772827,0.01008617877960205,0.0097026526927948,0.9810187220573425,0.007714748382568359
1,0,0,0,0,EF[8],273111,8,0.9863181114196777,0.01465258002281189,0.06453344225883484,0.022847652435302734,0.044812142848968506
0,0,0,1,0,DI[6],273111,9,0.006679743528366089,0.004083991050720215,0.008728206157684326,0.9561474323272705,0.03827095031738281
0,0,0,0,0,NEUTRAL,273111,7,0.007936924695968628,0.003493398427963257,0.02050727605819702,0.013801395893096924,0.01216214895248413
0,0,0,1,0,DI[1],832096,1,0.008421093225479126,0.009684115648269653,0.009513318538665771,0.9849627017974854,0.014318466186523438
0,0,0,1,0,DI[5],832096,2,0.0132693350315094,0.009056419134140015,0.01623368263244629,0.9926332235336304,0.027798563241958618
0,1,0,0,0,INF[3],832096,3,0.01674199104309082,0.2168251872062683,0.007773637771606445,0.005255788564682007,0.011063545942306519
1,0,0,1,0,EF[2]|DI[4],832096,7,0.26933926343917847,0.020071476697921753,0.005127251148223877,0.9900709390640259,0.008228480815887451
0,0,0,0,1,Finding[7],832096,8,0.06858843564987183,0.0196874737739563,0.9297757148742676,0.0038935840129852295,0.45671626925468445
1,0,0,0,0,EF[6],832096,13,0.6597993969917297,0.007185757160186768,0.010060369968414307,0.9899821281433105,0.018664062023162842
0,0,0,0,0,NEUTRAL,832096,6,0.7013368010520935,0.008560895919799805,0.009410291910171509,0.01145663857460022,0.007141172885894775
0,1,0,0,0,INF[1],2658215,1,0.03551071882247925,0.9707828760147095,0.023541241884231567,0.02628001570701599,0.016217797994613647
0,1,0,1,0,INF[3]|DI[4],2658215,2,0.9193651080131531,0.025708019733428955,0.00801992416381836,0.988735556602478,0.06854885816574097
0,0,0,1,0,DI[2],2658215,9,0.006894290447235107,0.01006782054901123,0.008400976657867432,0.985059380531311,0.039785176515579224
0,0,0,0,0,NEUTRAL,2658215,4,0.021727800369262695,0.003836333751678467,0.015104711055755615,0.02159854769706726,0.003944516181945801
0,0,0,1,0,DI[3],591856,1,0.031155556440353394,0.03157603740692139,0.006898999214172363,0.9931730031967163,0.010410577058792114
0,0,0,1,0,DI[4],591856,4,0.17028844356536865,0.010678768157958984,0.0042678117752075195,0.9832034111022949,0.007469147443771362
0,0,0,1,0,DI[5],591856,6,0.01354968547821045,0.01695173978805542,0.016442298889160156,0.9850122928619385,0.007302463054656982
0,1,0,0,0,INF[1],591856,12,0.009675770998001099,0.918710470199585,0.018718749284744263,0.017773300409317017,0.026758462190628052
0,0,0,1,0,DI[6],591856,13,0.004454880952835083,0.004825770854949951,0.01671004295349121,0.019151419401168823,0.030076444149017334
0,1,0,0,0,INF[2],591856,17,0.020178377628326416,0.9626578092575073,0.02285793423652649,0.019845902919769287,0.02185201644897461
0,0,0,0,0,NEUTRAL,591856,5,0.009162306785583496,0.018266379833221436,0.00998002290725708,0.009582221508026123,0.006179541349411011
0,0,0,1,0,DI[1],2490571,3,0.0094776451587677,0.02759796380996704,0.009424358606338501,0.9911559820175171,0.01513102650642395
1,0,0,0,0,EF[6],2490571,6,0.034884482622146606,0.010638177394866943,0.006786167621612549,0.009310752153396606,0.005438089370727539
0,0,1,1,0,ADR[2]|DI[5],2490571,8,0.04346269369125366,0.029877156019210815,0.9895816445350647,0.025497138500213623,0.024315834045410156
1,0,0,1,0,EF[3]|DI[4],2490571,11,0.48219963908195496,0.003596395254135132,0.8727155327796936,0.0677257776260376,0.028953999280929565
0,0,0,0,0,NEUTRAL,2490571,12,0.009008347988128662,0.009770572185516357,0.0101529061794281,0.014806866645812988,0.005169421434402466
0,0,0,1,0,DI[2],653736,1,0.011134326457977295,0.012520194053649902,0.01037907600402832,0.9902417659759521,0.015157639980316162
0,1,0,0,0,INF[3],653736,2,0.048006922006607056,0.9868969917297363,0.014865010976791382,0.27123332023620605,0.04735499620437622
0,0,0,0,1,Finding[4],653736,4,0.009014755487442017,0.7565546631813049,0.004658877849578857,0.15477246046066284,0.27793368697166443
0,1,0,0,0,INF[1],653736,5,0.0372222363948822,0.9335117936134338,0.016914665699005127,0.01138654351234436,0.0177442729473114
0,0,0,0,0,NEUTRAL,653736,3,0.9894763231277466,0.044206053018569946,0.03387537598609924,0.02258095145225525,0.03552335500717163
0,0,0,1,0,DI[1],978728,1,0.004076749086380005,0.007351696491241455,0.12500283122062683,0.973823606967926,0.05826306343078613
0,0,0,1,0,DI[2],978728,3,0.018500477075576782,0.6120415925979614,0.012154698371887207,0.9902023077011108,0.043020039796829224
0,0,1,1,0,ADR[3]|DI[4],978728,6,0.008935123682022095,0.03271034359931946,0.9143356084823608,0.9425467252731323,0.07183411717414856
0,0,0,0,0,NEUTRAL,978728,2,0.13010913133621216,0.09150800108909607,0.0047515928745269775,0.0035420358180999756,0.013215512037277222
0,0,0,1,0,DI[1],2428403,1,0.005829334259033203,0.0065680742263793945,0.009003758430480957,0.9688401818275452,0.01596987247467041
0,1,0,0,0,INF[2],2428403,3,0.054934293031692505,0.9656519889831543,0.02393174171447754,0.017560988664627075,0.014509320259094238
0,1,0,0,0,INF[3],2428403,5,0.009246289730072021,0.055234283208847046,0.008856356143951416,0.007192403078079224,0.0068450868129730225
0,0,0,0,0,NEUTRAL,2428403,2,0.006776303052902222,0.1443157196044922,0.00432160496711731,0.016084879636764526,0.04500338435173035
0,0,0,1,0,DI[6],656118,5,0.010557830333709717,0.01088041067123413,0.010947942733764648,0.9870405197143555,0.010777562856674194
1,0,0,0,0,EF[4],656118,6,0.9783117771148682,0.020025432109832764,0.01966482400894165,0.02487170696258545,0.01810440421104431
0,1,0,0,0,INF[5],656118,8,0.3992178440093994,0.10814693570137024,0.006368786096572876,0.004030287265777588,0.008495420217514038
0,1,0,1,0,INF[3]|DI[2],656118,9,0.056359052658081055,0.9489947557449341,0.027143120765686035,0.9858007431030273,0.036248624324798584
0,1,0,0,0,INF[1],656118,10,0.022385209798812866,0.987773060798645,0.03385037183761597,0.25145745277404785,0.029218971729278564
0,0,0,0,0,NEUTRAL,656118,3,0.010747283697128296,0.00765073299407959,0.009751290082931519,0.01953485608100891,0.004300862550735474
0,0,0,1,0,DI[5],2537351,3,0.005681276321411133,0.008618324995040894,0.8152854442596436,0.8224073648452759,0.050252705812454224
0,1,0,1,0,INF[1]|DI[2],2537351,5,0.42736947536468506,0.20197421312332153,0.003247857093811035,0.98480623960495,0.012038230895996094
1,0,0,1,0,EF[3]|DI[6],2537351,8,0.9312727451324463,0.02457711100578308,0.024701952934265137,0.9920375347137451,0.02065858244895935
0,1,0,0,0,INF[4],2537351,10,0.015250951051712036,0.9744055271148682,0.024374037981033325,0.06824782490730286,0.035874634981155396
0,0,0,0,0,NEUTRAL,2537351,9,0.005865722894668579,0.005238741636276245,0.016928672790527344,0.016402870416641235,0.00919690728187561
0,0,0,1,0,DI[1],592814,1,0.013034731149673462,0.007194846868515015,0.01065632700920105,0.9834687113761902,0.009949833154678345
0,0,0,1,0,DI[2],592814,3,0.010902553796768188,0.010405898094177246,0.008672922849655151,0.9869399070739746,0.013533622026443481
0,1,0,0,0,INF[5],592814,5,0.007540285587310791,0.01403111219406128,0.01772451400756836,0.007391691207885742,0.014499157667160034
0,1,0,0,0,INF[3],592814,6,0.06616434454917908,0.05061963200569153,0.006035804748535156,0.004020661115646362,0.008605390787124634
0,1,0,0,0,INF[4],592814,7,0.010866880416870117,0.006773442029953003,0.008403867483139038,0.016117990016937256,0.007501810789108276
0,0,0,0,0,NEUTRAL,592814,8,0.007898300886154175,0.008507639169692993,0.01268652081489563,0.013383626937866211,0.005769550800323486
0,0,0,1,0,DI[3],2516885,3,0.010792672634124756,0.012784212827682495,0.0069255530834198,0.9889198541641235,0.021473169326782227
0,0,0,1,0,DI[5],2516885,5,0.01105964183807373,0.011176079511642456,0.007796883583068848,0.9856427907943726,0.011413335800170898
1,0,0,1,0,EF[1]|DI[4],2516885,7,0.08126825094223022,0.7643542289733887,0.960297703742981,0.04431542754173279,0.2831103801727295
1,0,0,0,0,EF[2],2516885,8,0.9673472046852112,0.017341405153274536,0.017483413219451904,0.019364893436431885,0.016428083181381226
0,0,0,0,0,NEUTRAL,2516885,11,0.011016547679901123,0.005342841148376465,0.010740518569946289,0.019598156213760376,0.005318313837051392
0,1,0,0,0,INF[5],2659756,3,0.018433690071105957,0.9604629278182983,0.022652536630630493,0.02276894450187683,0.02031993865966797
0,0,0,1,0,DI[1],2659756,4,0.0057836174964904785,0.020204603672027588,0.024744540452957153,0.9858636856079102,0.013423413038253784
0,0,0,1,0,DI[3],2659756,5,0.00830182433128357,0.017349302768707275,0.010842829942703247,0.9874792098999023,0.012255251407623291
0,0,0,1,0,DI[2],2659756,7,0.3200777769088745,0.00929117202758789,0.8453133702278137,0.9770843982696533,0.028025776147842407
0,0,0,1,0,DI[4],2659756,10,0.005463898181915283,0.01452338695526123,0.07276010513305664,0.904836893081665,0.755597710609436
0,0,0,0,0,NEUTRAL,2659756,2,0.009772568941116333,0.005040377378463745,0.01979401707649231,0.012193828821182251,0.006194561719894409
1,0,0,1,0,EF[2]|DI[1],2716232,3,0.012000024318695068,0.00984618067741394,0.007562130689620972,0.9828622341156006,0.009573280811309814
0,0,0,0,0,NEUTRAL,2716232,5,0.015889972448349,0.005628615617752075,0.008560746908187866,0.018501371145248413,0.0048944950103759766
0,0,0,1,0,DI[4],2551970,2,0.01643034815788269,0.6765198707580566,0.019769787788391113,0.023372650146484375,0.06277313828468323
1,0,0,0,0,EF[2],2551970,4,0.9794890880584717,0.02135506272315979,0.02073344588279724,0.027505993843078613,0.01619577407836914
0,0,1,0,0,ADR[3],2551970,5,0.17720940709114075,0.07641959190368652,0.591195285320282,0.03988078236579895,0.9750285148620605
0,0,0,0,1,Finding[1],2551970,6,0.008533626794815063,0.012233108282089233,0.0150776207447052,0.9824686050415039,0.3149876594543457
0,0,0,0,0,NEUTRAL,2551970,3,0.006647437810897827,0.006238847970962524,0.013458162546157837,0.019219636917114258,0.006784290075302124
0,0,0,1,0,DI[2],2503806,1,0.009797334671020508,0.013254642486572266,0.00890284776687622,0.9863489866256714,0.012343257665634155
1,0,0,1,0,EF[3]|DI[1],2503806,3,0.9635519981384277,0.00608554482460022,0.7095061540603638,0.8774313926696777,0.04672783613204956
0,0,0,0,0,NEUTRAL,2503806,2,0.007413089275360107,0.007205009460449219,0.01220598816871643,0.015306085348129272,0.0063748955726623535
0,0,0,1,0,DI[5],2509783,1,0.0116041898727417,0.014066994190216064,0.01300877332687378,0.9899282455444336,0.010681480169296265
1,0,0,1,0,EF[3]|DI[4],2509783,3,0.22336238622665405,0.39020830392837524,0.043191730976104736,0.996498703956604,0.03489840030670166
1,0,0,0,0,EF[1],2509783,5,0.9703078269958496,0.015873640775680542,0.02121630311012268,0.02073541283607483,0.015765845775604248
1,0,0,0,0,EF[2],2509783,6,0.014207273721694946,0.0083218514919281,0.008432924747467041,0.01268690824508667,0.005456984043121338
0,0,0,0,0,NEUTRAL,2509783,7,0.023035049438476562,0.004949450492858887,0.008989095687866211,0.05059817433357239,0.003582477569580078
0,0,1,0,0,ADR[1],2996879,2,0.012483060359954834,0.019229620695114136,0.9832358360290527,0.02954760193824768,0.03241875767707825
0,0,0,0,0,NEUTRAL,2996879,3,0.004835635423660278,0.006860524415969849,0.026257753372192383,0.01019430160522461,0.012072920799255371
1,0,0,1,0,EF[4]|DI[5],2698684,11,0.02739804983139038,0.01080012321472168,0.9809519052505493,0.06816691160202026,0.038460731506347656
0,1,0,1,0,INF[8]|DI[3],2698684,12,0.13219451904296875,0.2065243422985077,0.004436910152435303,0.9914976358413696,0.012911558151245117
0,1,0,1,0,INF[7]|DI[6],2698684,13,0.12942719459533691,0.979644775390625,0.1075696051120758,0.9647259712219238,0.025465816259384155
0,1,0,1,0,INF[9]|DI[1],2698684,14,0.025358468294143677,0.007147729396820068,0.010790735483169556,0.7448328137397766,0.002856820821762085
0,0,0,0,1,Finding[2],2698684,15,0.0373954176902771,0.026387900114059448,0.056888729333877563,0.034384965896606445,0.9541485905647278
0,0,0,0,0,NEUTRAL,2698684,9,0.007555484771728516,0.0075457096099853516,0.010042428970336914,0.01180163025856018,0.0181577205657959
0,0,0,1,0,DI[4],2385125,2,0.02427712082862854,0.007670730352401733,0.0120505690574646,0.9893192052841187,0.011053413152694702
1,0,0,1,0,EF[6]|DI[3],2385125,7,0.9948393106460571,0.012121438980102539,0.2001795470714569,0.19098514318466187,0.14938730001449585
1,0,0,1,0,EF[1]|DI[2],2385125,8,0.988244891166687,0.006297975778579712,0.13105839490890503,0.8350412249565125,0.056074053049087524
0,0,1,0,0,ADR[5],2385125,12,0.035736799240112305,0.023950695991516113,0.9831365346908569,0.02065405249595642,0.017880111932754517
0,0,0,0,0,NEUTRAL,2385125,1,0.013355523347854614,0.08652660250663757,0.017528623342514038,0.027983099222183228,0.8682190179824829
0,0,1,0,0,ADR[4],1097205,3,0.010465681552886963,0.0384371280670166,0.9906487464904785,0.0406547486782074,0.1164269745349884
0,0,1,0,0,ADR[2],1097205,4,0.01140865683555603,0.05622026324272156,0.9861781597137451,0.016038239002227783,0.18648916482925415
1,0,0,1,0,EF[1]|DI[3],1097205,7,0.443838506937027,0.962988555431366,0.01526707410812378,0.43566635251045227,0.02525922656059265
0,0,0,0,0,NEUTRAL,1097205,1,0.006587952375411987,0.006445348262786865,0.014125585556030273,0.013520866632461548,0.00833427906036377
0,1,0,0,0,INF[3],2522012,4,0.034629374742507935,0.9669712781906128,0.02438870072364807,0.02012711763381958,0.016987770795822144
0,0,1,0,0,ADR[2],2522012,6,0.09025728702545166,0.3487422466278076,0.0747424066066742,0.9972761869430542,0.023030191659927368
0,0,1,0,0,ADR[4],2522012,7,0.01059827208518982,0.008497893810272217,0.9639889001846313,0.021073460578918457,0.039049744606018066
0,0,1,0,0,ADR[1],2522012,8,0.008364289999008179,0.006760537624359131,0.9271657466888428,0.014376550912857056,0.048021793365478516
0,0,0,0,0,NEUTRAL,2522012,9,0.006428629159927368,0.005280047655105591,0.5770084857940674,0.011900573968887329,0.37239113450050354
0,0,0,1,0,DI[1],2500754,1,0.024876534938812256,0.012753516435623169,0.0076601505279541016,0.9863068461418152,0.006617158651351929
0,0,0,1,0,DI[2],2500754,3,0.036255061626434326,0.01297074556350708,0.007739812135696411,0.9860153794288635,0.005842864513397217
0,0,0,1,0,DI[3],2500754,10,0.006626337766647339,0.008070498704910278,0.014024585485458374,0.9759842157363892,0.010134726762771606
0,0,0,0,0,NEUTRAL,2500754,9,0.012657105922698975,0.006292760372161865,0.01040467619895935,0.017882317304611206,0.004762381315231323
0,0,0,1,0,DI[3],2489974,1,0.05248329043388367,0.012170583009719849,0.00741305947303772,0.9903686046600342,0.0076479315757751465
1,0,0,1,0,EF[4]|DI[1],2489974,8,0.9924339056015015,0.012608826160430908,0.13463369011878967,0.9455488920211792,0.10742169618606567
0,0,1,0,0,ADR[2],2489974,10,0.035838425159454346,0.002513796091079712,0.7053292393684387,0.0742543637752533,0.007628709077835083
0,0,0,0,0,NEUTRAL,2489974,4,0.008019208908081055,0.005251437425613403,0.012103438377380371,0.024035751819610596,0.005561709403991699
0,0,1,0,0,ADR[1],1792597,1,0.04234948754310608,0.02306714653968811,0.9882724285125732,0.03454148769378662,0.021942198276519775
0,0,1,0,0,ADR[2],1792597,2,0.010288387537002563,0.011809289455413818,0.9644983410835266,0.6405767798423767,0.050456225872039795
0,0,0,0,0,NEUTRAL,1792597,4,0.005559742450714111,0.027045607566833496,0.04860129952430725,0.003349989652633667,0.025515109300613403
1,0,0,0,0,EF[5],1400882,5,0.9542717933654785,0.034314870834350586,0.14483290910720825,0.003310680389404297,0.08954566717147827
0,0,1,0,0,ADR[2],1400882,6,0.017428427934646606,0.01701292395591736,0.970259964466095,0.01339656114578247,0.0198819637298584
1,0,0,0,0,EF[3],1400882,7,0.13608461618423462,0.9123905897140503,0.016972243785858154,0.006693035364151001,0.014810562133789062
1,0,0,1,0,EF[1]|DI[4],1400882,8,0.3890242874622345,0.1422898769378662,0.010646790266036987,0.993686318397522,0.010129481554031372
0,0,0,0,0,NEUTRAL,1400882,1,0.015936344861984253,0.00567704439163208,0.009691119194030762,0.014997154474258423,0.005544096231460571
0,1,0,0,0,INF[2],934850,4,0.028089910745620728,0.9711458086967468,0.026235640048980713,0.03301766514778137,0.015480905771255493
0,0,0,1,0,DI[1],934850,8,0.010873228311538696,0.005557537078857422,0.005938619375228882,0.966830849647522,0.011947304010391235
0,0,0,0,0,NEUTRAL,934850,3,0.005400300025939941,0.00686076283454895,0.014655381441116333,0.014173358678817749,0.009221434593200684
0,0,0,1,0,DI[2],650293,2,0.0374356210231781,0.008181542158126831,0.004251062870025635,0.9579479694366455,0.005919903516769409
1,0,0,0,0,EF[1],650293,12,0.9734209775924683,0.014311254024505615,0.019537121057510376,0.024801164865493774,0.019408822059631348
0,0,0,0,0,NEUTRAL,650293,8,0.019057899713516235,0.009448796510696411,0.005656063556671143,0.022019505500793457,0.004223376512527466
0,0,0,1,0,DI[4],1058674,1,0.009217321872711182,0.011083096265792847,0.010150432586669922,0.9798903465270996,0.007717698812484741
0,0,0,0,1,Finding[2],1058674,2,0.033784419298172,0.10752654075622559,0.024719208478927612,0.046755701303482056,0.9628075957298279
0,1,1,0,0,INF[5]|ADR[1],1058674,4,0.016073137521743774,0.734161376953125,0.9807397127151489,0.06923156976699829,0.24207496643066406
0,0,1,0,0,ADR[3],1058674,5,0.04988560080528259,0.031061410903930664,0.9784947633743286,0.004730045795440674,0.08331462740898132
0,1,0,0,0,INF[7],1058674,6,0.08911827206611633,0.9609967470169067,0.006913125514984131,0.8695024251937866,0.03806382417678833
0,0,1,0,0,ADR[6],1058674,7,0.03472897410392761,0.029887467622756958,0.06788411736488342,0.11481183767318726,0.9734126329421997
0,0,0,0,0,NEUTRAL,1058674,8,0.007392853498458862,0.007733523845672607,0.014384329319000244,0.014393150806427002,0.005604535341262817
0,0,0,1,0,DI[2],1171419,1,0.006708770990371704,0.006115585565567017,0.012384474277496338,0.9807888269424438,0.02290382981300354
0,0,1,0,0,ADR[1],1171419,8,0.11559346318244934,0.012404292821884155,0.5510320663452148,0.9882721304893494,0.01656624674797058
0,0,0,0,0,NEUTRAL,1171419,10,0.007395356893539429,0.0608581006526947,0.00832018256187439,0.007214754819869995,0.010306596755981445
1,0,0,1,0,EF[3]|DI[1],883078,5,0.1033148467540741,0.00218239426612854,0.028971344232559204,0.0068923234939575195,0.05371120572090149
0,0,0,1,0,DI[2],883078,11,0.033312708139419556,0.05327180027961731,0.03228065371513367,0.13468071818351746,0.9718940258026123
0,0,0,0,0,NEUTRAL,883078,1,0.008043259382247925,0.005736947059631348,0.011592835187911987,0.015826165676116943,0.007838338613510132
1,1,0,0,0,INF[4]|EF[5],2407176,7,0.12554624676704407,0.9878022074699402,0.02947649359703064,0.027482599020004272,0.04999053478240967
0,0,0,1,0,DI[1],2407176,8,0.00826793909072876,0.008492499589920044,0.9534255862236023,0.04343283176422119,0.022707194089889526
1,0,0,1,0,EF[2]|DI[6],2407176,10,0.7780770659446716,0.2625649571418762,0.037789762020111084,0.9975311756134033,0.2710067629814148
0,0,0,1,0,DI[3],2407176,12,0.9465915560722351,0.010571956634521484,0.012773394584655762,0.9792643785476685,0.04110509157180786
0,0,0,0,0,NEUTRAL,2407176,5,0.017139464616775513,0.006509870290756226,0.008743137121200562,0.02604466676712036,0.003344416618347168
0,0,0,1,0,DI[4],2446305,1,0.5826004147529602,0.004098027944564819,0.004019439220428467,0.9427545070648193,0.08703133463859558
0,0,0,1,0,DI[1],2446305,2,0.02226361632347107,0.009116560220718384,0.007721513509750366,0.9862817525863647,0.012804418802261353
1,0,0,1,0,EF[3]|DI[2],2446305,7,0.4167790710926056,0.033648550510406494,0.9590858817100525,0.020856648683547974,0.22091683745384216
1,0,0,0,0,EF[5],2446305,8,0.9665619134902954,0.00619170069694519,0.017002910375595093,0.64244544506073,0.011292964220046997
0,0,0,0,0,NEUTRAL,2446305,13,0.01204770803451538,0.007177233695983887,0.008096754550933838,0.018619120121002197,0.005169928073883057
0,0,0,1,0,DI[1],806166,1,0.0077155232429504395,0.008510768413543701,0.009722530841827393,0.9836081266403198,0.017650306224822998
0,1,0,0,0,INF[3],806166,6,0.9913392066955566,0.04393842816352844,0.039111703634262085,0.026437997817993164,0.03240504860877991
0,1,0,0,0,INF[2],806166,8,0.04674732685089111,0.917072594165802,0.015416175127029419,0.007736325263977051,0.017563611268997192
0,0,0,0,0,NEUTRAL,806166,3,0.005286663770675659,0.0059829652309417725,0.019717127084732056,0.019882410764694214,0.005698025226593018
0,0,0,1,0,DI[2],2428518,1,0.008000344038009644,0.009142845869064331,0.010515153408050537,0.9803180694580078,0.01012304425239563
0,0,0,1,0,DI[1],2428518,4,0.00870928168296814,0.009649395942687988,0.009555906057357788,0.9834772348403931,0.011814355850219727
0,0,0,0,1,Finding[4],2428518,5,0.043666958808898926,0.040254056453704834,0.08465713262557983,0.03764733672142029,0.9737465977668762
0,0,1,0,0,ADR[3],2428518,7,0.588007926940918,0.0010729730129241943,0.09809952974319458,0.6024097800254822,0.03364914655685425
0,0,0,0,0,NEUTRAL,2428518,3,0.0083446204662323,0.005963057279586792,0.012267053127288818,0.021435678005218506,0.005035996437072754
0,0,0,1,0,DI[2],2718592,2,0.008044123649597168,0.009235978126525879,0.009319782257080078,0.9805970788002014,0.01106029748916626
0,0,0,1,0,DI[3],2718592,3,0.007871478796005249,0.011623293161392212,0.03268358111381531,0.9902377724647522,0.017776161432266235
1,0,0,0,0,EF[1],2718592,14,0.980323076248169,0.024124830961227417,0.01870739459991455,0.02830648422241211,0.017264366149902344
0,0,0,0,0,NEUTRAL,2718592,13,0.005926579236984253,0.01989847421646118,0.011964112520217896,0.005878239870071411,0.06364795565605164
0,0,0,1,0,DI[1],1263039,1,0.010034888982772827,0.04196041822433472,0.03133082389831543,0.9961005449295044,0.035332292318344116
0,0,0,0,1,Finding[2],1263039,2,0.005087494850158691,0.0021666884422302246,0.506872296333313,0.4214916229248047,0.16021937131881714
0,0,1,1,0,ADR[6]|DI[3],1263039,3,0.013131797313690186,0.011851608753204346,0.9766086339950562,0.024114906787872314,0.034595370292663574
0,0,0,1,0,DI[5],1263039,4,0.0035905539989471436,0.003955662250518799,0.01378527283668518,0.9054856896400452,0.04368886351585388
0,1,0,1,0,INF[4]|DI[7],1263039,6,0.9532934427261353,0.8381181955337524,0.028292149305343628,0.9863861203193665,0.12139087915420532
0,0,0,0,0,NEUTRAL,1263039,5,0.03584519028663635,0.0024055540561676025,0.04222872853279114,0.010489434003829956,0.010863542556762695
0,0,0,1,0,DI[1],269906,2,0.025187522172927856,0.0077829062938690186,0.00597032904624939,0.9806996583938599,0.007544487714767456
1,0,0,1,0,EF[2]|DI[3],269906,4,0.048236340284347534,0.008752018213272095,0.006449639797210693,0.9889858961105347,0.009436428546905518
0,0,0,0,0,NEUTRAL,269906,1,0.005681127309799194,0.006378501653671265,0.015118032693862915,0.012547552585601807,0.011469930410385132
0,0,0,1,0,DI[3],1158967,1,0.008876681327819824,0.007041275501251221,0.010473072528839111,0.9848164319992065,0.021868020296096802
0,0,1,0,0,ADR[1],1158967,2,0.017943352460861206,0.016657769680023193,0.9726272225379944,0.013558954000473022,0.021782636642456055
0,0,1,0,0,ADR[2],1158967,3,0.013177931308746338,0.020268350839614868,0.9758142232894897,0.012640774250030518,0.03192538022994995
0,0,1,0,0,ADR[4],1158967,4,0.057716190814971924,0.06792184710502625,0.02977234125137329,0.9974144101142883,0.019265860319137573
0,0,0,0,0,NEUTRAL,1158967,5,0.0541742742061615,0.005914151668548584,0.005877256393432617,0.02755361795425415,0.003642439842224121
0,0,0,1,0,DI[2],649988,1,0.007775932550430298,0.007447957992553711,0.010877400636672974,0.984617292881012,0.023233532905578613
0,0,0,1,0,DI[1],649988,2,0.008099883794784546,0.007647126913070679,0.01100054383277893,0.9797573685646057,0.013025015592575073
0,0,0,1,0,DI[3],649988,6,0.02507263422012329,0.018140286207199097,0.005160987377166748,0.9841143488883972,0.24158811569213867
0,0,0,0,0,NEUTRAL,649988,5,0.96831214427948,0.008667558431625366,0.04418763518333435,0.022152721881866455,0.02112025022506714
0,0,0,1,0,DI[1],805573,1,0.25178593397140503,0.012125611305236816,0.006467550992965698,0.993683934211731,0.014907807111740112
0,0,0,1,0,DI[3],805573,3,0.018786907196044922,0.013522446155548096,0.008079290390014648,0.9861130714416504,0.007227540016174316
0,0,0,1,0,DI[2],805573,4,0.018002420663833618,0.009909063577651978,0.008330017328262329,0.987375020980835,0.009661585092544556
0,0,0,0,0,NEUTRAL,805573,2,0.8289465308189392,0.013588160276412964,0.007868736982345581,0.011845231056213379,0.00960657000541687
0,0,0,1,0,DI[3],815444,2,0.05329903960227966,0.007954716682434082,0.009495824575424194,0.9934436082839966,0.022674232721328735
0,1,0,0,0,INF[4],815444,9,0.015286922454833984,0.9573631286621094,0.01748904585838318,0.021839648485183716,0.02991586923599243
0,1,0,0,0,INF[1],815444,13,0.010853439569473267,0.26931166648864746,0.00835031270980835,0.00501173734664917,0.01544758677482605
0,0,0,1,0,DI[2],815444,14,0.022232145071029663,0.018459290266036987,0.00794839859008789,0.9920974373817444,0.01111564040184021
0,0,0,0,0,NEUTRAL,815444,11,0.006357014179229736,0.0039916932582855225,0.029924452304840088,0.013925611972808838,0.010812431573867798
0,0,1,0,0,ADR[3],1443820,2,0.01588425040245056,0.05103465914726257,0.9920867681503296,0.0787808895111084,0.07606309652328491
0,0,1,0,0,ADR[2],1443820,6,0.008198767900466919,0.018041342496871948,0.031281501054763794,0.8794972896575928,0.5031561851501465
0,0,1,0,0,ADR[1],1443820,7,0.006435871124267578,0.007588833570480347,0.4153096079826355,0.006789892911911011,0.34670886397361755
0,0,0,0,0,NEUTRAL,1443820,10,0.00807449221611023,0.008686929941177368,0.009693741798400879,0.010803848505020142,0.010644018650054932
1,0,0,0,0,EF[2],814053,3,0.9804909825325012,0.017369449138641357,0.021363407373428345,0.028789013624191284,0.0196915864944458
0,0,1,0,0,ADR[3],814053,6,0.015634119510650635,0.0393986701965332,0.9735779762268066,0.016478240489959717,0.01741352677345276
1,0,0,0,0,EF[1],814053,9,0.008678793907165527,0.005873650312423706,0.010291099548339844,0.013915538787841797,0.009897619485855103
0,0,0,0,0,NEUTRAL,814053,7,0.011890560388565063,0.0050337910652160645,0.0171392560005188,0.011891722679138184,0.005992323160171509
0,0,0,1,0,DI[3],2445572,1,0.36959075927734375,0.00788775086402893,0.006688117980957031,0.9907689094543457,0.014823496341705322
0,0,0,1,0,DI[5],2445572,2,0.008147597312927246,0.008702069520950317,0.010292768478393555,0.9875052571296692,0.02513563632965088
0,0,0,1,0,DI[4],2445572,4,0.01479753851890564,0.0045168399810791016,0.006621509790420532,0.974128007888794,0.017851680517196655
0,0,0,1,0,DI[2],2445572,5,0.014509975910186768,0.008474975824356079,0.005591034889221191,0.9862182140350342,0.022677332162857056
0,0,0,1,0,DI[1],2445572,6,0.022252261638641357,0.017614275217056274,0.017133384943008423,0.03472024202346802,0.8329041600227356
0,0,0,0,0,NEUTRAL,2445572,3,0.04248961806297302,0.10615292191505432,0.025264471769332886,0.04830625653266907,0.9683389663696289
0,0,0,1,0,DI[3],811523,1,0.009986430406570435,0.00779077410697937,0.003505617380142212,0.9611947536468506,0.021038562059402466
1,0,0,0,0,EF[2],811523,5,0.7625932097434998,0.0056108832359313965,0.004197925329208374,0.4615474343299866,0.013435542583465576
1,0,0,0,0,EF[1],811523,6,0.028400957584381104,0.047591984272003174,0.00698775053024292,0.015786558389663696,0.38919198513031006
0,0,0,0,0,NEUTRAL,811523,8,0.006759285926818848,0.0040978193283081055,0.00431591272354126,0.693447470664978,0.08955603837966919
0,0,0,1,0,DI[2],910656,1,0.3796978294849396,0.00614580512046814,0.008227407932281494,0.9908783435821533,0.018917113542556763
1,0,0,1,0,EF[5]|DI[1],910656,3,0.9135341644287109,0.018963009119033813,0.01177176833152771,0.9905853271484375,0.02527126669883728
0,0,0,1,0,DI[3],910656,5,0.20882108807563782,0.01140645146369934,0.0072040855884552,0.9931135177612305,0.011572271585464478
0,0,0,1,0,DI[4],910656,6,0.016794681549072266,0.01171460747718811,0.00872945785522461,0.9866772890090942,0.008284598588943481
0,0,0,0,0,NEUTRAL,910656,4,0.3292195200920105,0.01956099271774292,0.00487169623374939,0.0055769383907318115,0.009770363569259644
0,0,0,1,0,DI[2],2465822,1,0.010991096496582031,0.010938197374343872,0.008768022060394287,0.9810152053833008,0.007703900337219238
1,0,0,1,0,EF[4]|DI[5],2465822,2,0.910423994064331,0.013372927904129028,0.01345786452293396,0.9823233485221863,0.014429837465286255
1,0,0,1,0,EF[3]|DI[1],2465822,10,0.9685361385345459,0.019132137298583984,0.0194627046585083,0.9795825481414795,0.02186959981918335
0,0,0,0,0,NEUTRAL,2465822,11,0.01500818133354187,0.6684719324111938,0.009213387966156006,0.00576367974281311,0.027359873056411743
0,0,0,1,0,DI[3],2546207,1,0.008292406797409058,0.006034731864929199,0.008052170276641846,0.9795358777046204,0.03710952401161194
0,0,0,0,1,Finding[2],2546207,6,0.03326129913330078,0.7362857460975647,0.2410869598388672,0.013715207576751709,0.9277193546295166
1,0,0,1,0,EF[1]|DI[4],2546207,8,0.5907756686210632,0.0037764310836791992,0.017837047576904297,0.006064385175704956,0.030975699424743652
0,0,0,0,0,NEUTRAL,2546207,2,0.004191607236862183,0.006378173828125,0.008598953485488892,0.4850383698940277,0.2591954469680786
0,0,1,0,0,ADR[1],1136698,2,0.01128166913986206,0.036284804344177246,0.9881736040115356,0.026555120944976807,0.06312665343284607
0,0,0,0,0,NEUTRAL,1136698,1,0.8686585426330566,0.009711503982543945,0.02452218532562256,0.0066058337688446045,0.014614224433898926
0,1,0,1,0,INF[2]|DI[3],632718,1,0.8946015238761902,0.1939971148967743,0.0073302388191223145,0.971603512763977,0.010571002960205078
0,1,0,1,0,INF[4]|DI[1],632718,2,0.9867818355560303,0.49504169821739197,0.07580649852752686,0.9945822954177856,0.08330458402633667
0,0,0,0,0,NEUTRAL,632718,3,0.011707186698913574,0.023897677659988403,0.007975757122039795,0.00872698426246643,0.006140798330307007
0,0,0,0,1,Finding[4],817386,1,0.005593687295913696,0.005019098520278931,0.007694870233535767,0.9533514976501465,0.01984819769859314
0,0,0,0,1,Finding[2],817386,3,0.0031257271766662598,0.007135540246963501,0.20918384194374084,0.9211791753768921,0.23272758722305298
0,0,0,0,1,Finding[5],817386,5,0.011277347803115845,0.00903928279876709,0.0095863938331604,0.9817758202552795,0.008743315935134888
0,0,0,0,1,Finding[1],817386,6,0.0058380067348480225,0.005010724067687988,0.019059181213378906,0.009990125894546509,0.037188827991485596
0,1,0,0,0,INF[6],817386,11,0.03852438926696777,0.9481366872787476,0.020306706428527832,0.010283201932907104,0.01998037099838257
0,0,0,1,0,DI[3],817386,13,0.01332142949104309,0.011417150497436523,0.032354265451431274,0.8418299555778503,0.8532601594924927
0,1,0,0,0,INF[7],817386,15,0.034370481967926025,0.9444605708122253,0.017574787139892578,0.012948334217071533,0.017289936542510986
0,0,0,0,0,NEUTRAL,817386,9,0.009458571672439575,0.005587279796600342,0.017495393753051758,0.00852513313293457,0.011907100677490234
0,0,0,1,0,DI[5],655424,1,0.008476883172988892,0.02043914794921875,0.03923410177230835,0.9885432720184326,0.012058109045028687
1,0,0,0,0,EF[3],655424,5,0.899416446685791,0.07186716794967651,0.013446837663650513,0.004849106073379517,0.026355981826782227
1,0,0,1,0,EF[2]|DI[4],655424,6,0.010775059461593628,0.987316370010376,0.03731018304824829,0.2728397250175476,0.08721572160720825
1,0,0,1,0,EF[7]|DI[6],655424,7,0.42870983481407166,0.01894313097000122,0.011607378721237183,0.9946101903915405,0.01018434762954712
0,0,0,1,0,DI[8],655424,10,0.010231256484985352,0.010053664445877075,0.009240269660949707,0.9825211763381958,0.009636640548706055
1,0,0,0,0,EF[1],655424,11,0.9757729768753052,0.015291422605514526,0.0198269784450531,0.026334762573242188,0.018994927406311035
0,0,0,0,0,NEUTRAL,655424,3,0.0051260292530059814,0.006912797689437866,0.012265205383300781,0.020080357789993286,0.007736384868621826
0,0,0,1,0,DI[2],2424679,2,0.00938752293586731,0.008655130863189697,0.007017076015472412,0.9845759868621826,0.024670809507369995
0,0,0,1,0,DI[3],2424679,3,0.009165823459625244,0.18089133501052856,0.9891096353530884,0.2894619107246399,0.36698323488235474
1,0,0,0,0,EF[4],2424679,10,0.8403187990188599,0.05139020085334778,0.9808014035224915,0.016746729612350464,0.15121516585350037
1,0,0,1,0,EF[5]|DI[1],2424679,11,0.048901498317718506,0.03207561373710632,0.100801020860672,0.25032007694244385,0.9735378623008728
0,0,0,0,0,NEUTRAL,2424679,1,0.010045737028121948,0.005398422479629517,0.009143859148025513,0.02359926700592041,0.006006807088851929
0,0,0,0,1,Finding[2],2502303,1,0.024196118116378784,0.006165862083435059,0.008466392755508423,0.9824578762054443,0.009624063968658447
0,0,0,0,1,Finding[1],2502303,3,0.012564420700073242,0.002744346857070923,0.17291048169136047,0.9249593615531921,0.05462449789047241
0,0,0,0,0,NEUTRAL,2502303,6,0.259489506483078,0.010454654693603516,0.00641101598739624,0.010056078433990479,0.004409283399581909
0,0,0,1,0,DI[3],252735,3,0.02862548828125,0.023538023233413696,0.0941125750541687,0.24054843187332153,0.9712662696838379
0,0,0,1,0,DI[1],252735,4,0.055143922567367554,0.015343338251113892,0.006036639213562012,0.9934448003768921,0.014250487089157104
0,0,0,1,0,DI[2],252735,7,0.005331754684448242,0.004885762929916382,0.03442800045013428,0.9554059505462646,0.00962790846824646
0,0,0,0,0,NEUTRAL,252735,8,0.07640284299850464,0.041557908058166504,0.005892246961593628,0.005812972784042358,0.004659056663513184
0,0,0,1,0,DI[4],886355,1,0.008211672306060791,0.007788658142089844,0.010654330253601074,0.9776743650436401,0.009945034980773926
0,0,0,1,0,DI[2],886355,2,0.011015206575393677,0.008814513683319092,0.00924411416053772,0.9772988557815552,0.007508665323257446
0,1,0,0,0,INF[1],886355,11,0.02016809582710266,0.6675970554351807,0.008566617965698242,0.006696939468383789,0.01749482750892639
0,1,0,0,0,INF[3],886355,13,0.036930203437805176,0.9604764580726624,0.0222148597240448,0.014712423086166382,0.017989546060562134
0,0,0,0,0,NEUTRAL,886355,4,0.018938720226287842,0.014927923679351807,0.11408209800720215,0.16736763715744019,0.923295259475708
0,0,0,1,0,DI[1],874652,2,0.013650715351104736,0.015924274921417236,0.010005950927734375,0.9895948171615601,0.009736984968185425
0,0,0,1,0,DI[3],874652,3,0.013639718294143677,0.006444364786148071,0.018666058778762817,0.9874173998832703,0.014687716960906982
0,0,1,0,0,ADR[6],874652,4,0.2323055863380432,0.018322080373764038,0.9920223951339722,0.04782932996749878,0.04187804460525513
1,0,0,0,0,EF[4],874652,5,0.9621172547340393,0.005221247673034668,0.020262062549591064,0.16852208971977234,0.016497045755386353
0,0,1,0,0,ADR[7],874652,6,0.9682714939117432,0.007089883089065552,0.5912817716598511,0.09750771522521973,0.031136929988861084
1,0,0,0,0,EF[5],874652,7,0.014126121997833252,0.6136104464530945,0.6816959381103516,0.01861366629600525,0.17526617646217346
1,0,0,0,0,EF[2],874652,8,0.008810430765151978,0.15596669912338257,0.010692059993743896,0.008470624685287476,0.47801727056503296
0,0,0,0,0,NEUTRAL,874652,1,0.008232086896896362,0.007270991802215576,0.009030580520629883,0.018354743719100952,0.007563740015029907
0,0,1,0,0,ADR[3],2472239,1,0.0639028251171112,0.08022749423980713,0.9950281977653503,0.03301545977592468,0.04868927597999573
0,0,0,0,1,Finding[2],2472239,2,0.009759575128555298,0.01319149136543274,0.49055683612823486,0.0288965106010437,0.8849780559539795
0,0,1,0,0,ADR[1],2472239,3,0.020713508129119873,0.019474118947982788,0.9751772880554199,0.01328420639038086,0.020980805158615112
0,0,0,0,0,NEUTRAL,2472239,4,0.007111072540283203,0.007161885499954224,0.01774093508720398,0.009571552276611328,0.010140717029571533
0,0,0,1,0,DI[1],942403,1,0.010115325450897217,0.007189720869064331,0.008987903594970703,0.9690883755683899,0.24990978837013245
0,0,0,1,0,DI[2],942403,2,0.015715986490249634,0.0134505033493042,0.008117735385894775,0.9857798218727112,0.0076607465744018555
1,0,0,1,0,EF[3]|DI[4],942403,3,0.7882165908813477,0.017244845628738403,0.062343478202819824,0.9960758686065674,0.023957371711730957
1,0,0,0,0,EF[5],942403,7,0.9776128530502319,0.006364166736602783,0.02919745445251465,0.8341249823570251,0.05525115132331848
0,0,0,0,0,NEUTRAL,942403,4,0.00762447714805603,0.005348831415176392,0.017725229263305664,0.0186825692653656,0.005280852317810059
0,0,0,1,1,DI[5]|Finding[4],2738498,3,0.005958378314971924,0.007580786943435669,0.02299797534942627,0.987641453742981,0.05169060826301575
0,0,1,0,0,ADR[3],2738498,5,0.010187357664108276,0.011379659175872803,0.9632076621055603,0.024218380451202393,0.023326873779296875
0,0,1,0,0,ADR[2],2738498,8,0.003964066505432129,0.005963623523712158,0.01778876781463623,0.01703926920890808,0.017571598291397095
0,0,1,0,0,ADR[1],2738498,11,0.021001845598220825,0.01639658212661743,0.9770000576972961,0.017090260982513428,0.022139132022857666
0,0,0,0,0,NEUTRAL,2738498,13,0.004883110523223877,0.010404080152511597,0.009275496006011963,0.01292341947555542,0.02671387791633606
0,0,0,1,0,DI[7],2450448,1,0.007391631603240967,0.00806361436843872,0.010555356740951538,0.9778439998626709,0.1471567153930664
0,0,0,1,0,DI[4],2450448,4,0.007189899682998657,0.014178842306137085,0.02272382378578186,0.9855856895446777,0.010130882263183594
0,0,0,1,0,DI[2],2450448,5,0.01955282688140869,0.7698975801467896,0.019044846296310425,0.9929181337356567,0.06145644187927246
0,0,0,1,1,DI[3]|Finding[6],2450448,7,0.020651787519454956,0.02068468928337097,0.016774773597717285,0.980092465877533,0.6249648928642273
0,0,0,1,0,DI[5],2450448,8,0.005602747201919556,0.005217462778091431,0.010723352432250977,0.695887565612793,0.28882914781570435
0,0,0,1,0,DI[1],2450448,10,0.39201927185058594,0.0034832358360290527,0.0036110877990722656,0.9414025545120239,0.020019620656967163
0,0,0,0,0,NEUTRAL,2450448,2,0.02215757966041565,0.0043576061725616455,0.01041606068611145,0.010050594806671143,0.012258529663085938
0,0,0,0,1,Finding[1],2439506,10,0.011940240859985352,0.009882032871246338,0.06948983669281006,0.029354840517044067,0.8369908928871155
0,0,0,0,0,NEUTRAL,2439506,3,0.007426261901855469,0.004773974418640137,0.3050142824649811,0.00802147388458252,0.2779611349105835
0,0,0,1,0,DI[1],2463217,1,0.013715118169784546,0.014954179525375366,0.009930163621902466,0.9889282584190369,0.009404391050338745
0,0,0,1,0,DI[6],2463217,3,0.07285940647125244,0.01610836386680603,0.012160688638687134,0.9943938255310059,0.009430259466171265
1,0,1,1,0,EF[5]|ADR[4]|DI[2],2463217,6,0.974702775478363,0.014275014400482178,0.042228370904922485,0.9791845083236694,0.02686023712158203
1,0,0,0,0,EF[3],2463217,7,0.9781817197799683,0.011026084423065186,0.012549728155136108,0.6949665546417236,0.014291375875473022
0,0,0,0,0,NEUTRAL,2463217,5,0.9765125513076782,0.008879244327545166,0.024681925773620605,0.05212029814720154,0.018572181463241577
0,0,0,1,0,DI[5],391573,1,0.013917773962020874,0.024645715951919556,0.008126914501190186,0.9900479912757874,0.010083913803100586
0,0,1,0,0,ADR[1],391573,10,0.012864500284194946,0.4805060029029846,0.9845796823501587,0.08508309721946716,0.05701950192451477
0,0,1,0,1,ADR[3]|Finding[2],391573,12,0.048970580101013184,0.9424431920051575,0.15457698702812195,0.9940513372421265,0.09230628609657288
0,0,0,0,1,Finding[4],391573,14,0.008054405450820923,0.008948564529418945,0.9481707811355591,0.015164613723754883,0.05968344211578369
0,0,0,0,0,NEUTRAL,391573,11,0.004816293716430664,0.005140632390975952,0.015450000762939453,0.02195391058921814,0.00862795114517212
0,0,0,1,0,DI[1],609191,5,0.004080146551132202,0.007708877325057983,0.03162926435470581,0.9735177755355835,0.16370603442192078
1,0,1,1,0,EF[3]|ADR[4]|DI[5],609191,7,0.035989075899124146,0.9788751602172852,0.929019570350647,0.4394785165786743,0.19604307413101196
0,0,1,0,0,ADR[2],609191,9,0.02293732762336731,0.10805192589759827,0.9937604069709778,0.5588767528533936,0.1315699815750122
0,0,0,0,0,NEUTRAL,609191,3,0.027198374271392822,0.003437817096710205,0.029128998517990112,0.9372478723526001,0.39258936047554016
0,0,0,1,0,DI[1],1904875,2,0.021792203187942505,0.007908821105957031,0.005129724740982056,0.9869683980941772,0.02524009346961975
0,0,0,1,0,DI[4],1904875,4,0.021420687437057495,0.006214231252670288,0.007442563772201538,0.9808449149131775,0.009384602308273315
0,0,0,1,0,DI[6],1904875,6,0.005229204893112183,0.009911328554153442,0.011515319347381592,0.9839212894439697,0.0473768413066864
0,1,0,0,0,INF[5],1904875,9,0.022004514932632446,0.9703719615936279,0.024926364421844482,0.03264164924621582,0.018246114253997803
0,0,0,1,1,DI[2]|Finding[3],1904875,10,0.03768640756607056,0.07344219088554382,0.020293116569519043,0.9981467723846436,0.11894530057907104
0,0,0,0,0,NEUTRAL,1904875,5,0.02796083688735962,0.008495092391967773,0.006680011749267578,0.015551120042800903,0.004108726978302002
0,0,0,1,0,DI[1],2450361,1,0.012722402811050415,0.00929170846939087,0.00968623161315918,0.9763480424880981,0.006196200847625732
1,0,0,1,0,EF[3]|DI[2],2450361,9,0.37981706857681274,0.006794363260269165,0.6530756950378418,0.005399465560913086,0.3303007483482361
0,0,0,0,0,NEUTRAL,2450361,11,0.009074181318283081,0.006266534328460693,0.011031746864318848,0.0186079740524292,0.005437731742858887
0,0,0,1,0,DI[3],1263885,1,0.007416784763336182,0.0048732757568359375,0.011177361011505127,0.9730972051620483,0.018710672855377197
0,0,1,0,0,ADR[5],1263885,3,0.017762035131454468,0.016827166080474854,0.9639524221420288,0.01626446843147278,0.014483511447906494
0,0,1,0,0,ADR[4],1263885,4,0.9806225895881653,0.1208355724811554,0.15235188603401184,0.9894782304763794,0.025841563940048218
0,0,0,1,1,DI[2]|Finding[1],1263885,6,0.027945011854171753,0.008971840143203735,0.007331937551498413,0.9902694225311279,0.012967020273208618
0,0,0,0,0,NEUTRAL,1263885,7,0.003939241170883179,0.007145315408706665,0.045904338359832764,0.007147341966629028,0.0623302161693573
0,0,0,1,0,DI[2],2502253,2,0.005906164646148682,0.01238870620727539,0.03836095333099365,0.972541868686676,0.35668617486953735
0,0,0,1,0,DI[1],2502253,3,0.005318492650985718,0.006675243377685547,0.007364630699157715,0.9534577131271362,0.078237384557724
0,0,0,0,0,NEUTRAL,2502253,4,0.0670509934425354,0.002185255289077759,0.2687906324863434,0.011938154697418213,0.012272864580154419
0,1,1,0,0,INF[1]|ADR[3],2684706,2,0.9610109329223633,0.02670237421989441,0.9825095534324646,0.2845890522003174,0.10351371765136719
1,0,0,0,0,EF[2],2684706,3,0.989092230796814,0.02039235830307007,0.02177569270133972,0.9370289444923401,0.03681337833404541
0,0,0,0,0,NEUTRAL,2684706,7,0.010137766599655151,0.005669057369232178,0.009835273027420044,0.01647469401359558,0.006739795207977295
0,0,0,1,0,DI[4],755139,1,0.01870712637901306,0.011136531829833984,0.010571151971817017,0.990444540977478,0.0107746422290802
0,0,1,0,0,ADR[1],755139,7,0.04994606971740723,0.0210416316986084,0.9873335361480713,0.02262166142463684,0.02239212393760681
0,0,1,0,0,ADR[3],755139,8,0.012603431940078735,0.024960607290267944,0.977022111415863,0.014994233846664429,0.036514997482299805
0,1,0,1,0,INF[2]|DI[5],755139,9,0.15131747722625732,0.9765654802322388,0.018693596124649048,0.93068927526474,0.022230565547943115
0,0,0,0,0,NEUTRAL,755139,5,0.008368492126464844,0.007853299379348755,0.010381072759628296,0.0164564847946167,0.005555301904678345
0,0,0,1,0,DI[1],893416,2,0.011718213558197021,0.009018480777740479,0.01823633909225464,0.9863215684890747,0.010452896356582642
1,0,1,1,0,EF[3]|ADR[4]|DI[5],893416,5,0.980563223361969,0.013682126998901367,0.028971850872039795,0.9727655649185181,0.04632619023323059
0,0,0,1,0,DI[2],893416,7,0.00920894742012024,0.010717540979385376,0.010932892560958862,0.9839345216751099,0.009862184524536133
0,0,0,0,0,NEUTRAL,893416,4,0.03769254684448242,0.00455966591835022,0.008274674415588379,0.01630505919456482,0.004979968070983887
0,0,0,1,0,DI[1],2507228,2,0.010425776243209839,0.017049431800842285,0.009015887975692749,0.9857951402664185,0.009168386459350586
0,0,0,1,0,DI[2],2507228,6,0.01520615816116333,0.023920565843582153,0.00913780927658081,0.021457672119140625,0.6480249762535095
1,0,0,1,0,EF[4]|DI[3],2507228,11,0.09022858738899231,0.04977419972419739,0.9898314476013184,0.0467582643032074,0.018926888704299927
0,0,0,0,0,NEUTRAL,2507228,9,0.009692013263702393,0.006539434194564819,0.010700374841690063,0.016239821910858154,0.005799084901809692
0,0,1,0,0,ADR[1],172744,1,0.016467273235321045,0.030744880437850952,0.9888929724693298,0.036895304918289185,0.03462713956832886
0,0,0,0,0,NEUTRAL,172744,2,0.01502719521522522,0.01156461238861084,0.010117202997207642,0.010120004415512085,0.005220651626586914
0,0,0,1,0,DI[4],2522797,3,0.025168806314468384,0.005332469940185547,0.007913917303085327,0.9777655005455017,0.008486002683639526
0,0,0,1,0,DI[2],2522797,4,0.011837750673294067,0.014837056398391724,0.007647812366485596,0.9842750430107117,0.008444815874099731
1,0,0,0,0,EF[6],2522797,7,0.9830915927886963,0.015841782093048096,0.019072532653808594,0.05151158571243286,0.022406041622161865
1,0,0,1,0,EF[3]|DI[1],2522797,8,0.21555191278457642,0.03933393955230713,0.9934536218643188,0.36947566270828247,0.06193798780441284
0,0,0,1,0,DI[5],2522797,10,0.008268386125564575,0.003577291965484619,0.01610669493675232,0.9278280735015869,0.007716566324234009
0,0,0,0,0,NEUTRAL,2522797,6,0.09993153810501099,0.9080802202224731,0.015412896871566772,0.005022287368774414,0.023017942905426025
0,0,1,0,0,ADR[2],1294530,4,0.009675979614257812,0.007771044969558716,0.00782918930053711,0.982178807258606,0.021155983209609985
0,0,1,0,0,ADR[1],1294530,5,0.034151673316955566,0.06222996115684509,0.011318236589431763,0.9950003623962402,0.012344449758529663
0,0,0,0,0,NEUTRAL,1294530,7,0.026590347290039062,0.2176768183708191,0.007281213998794556,0.003967463970184326,0.013004392385482788
0,0,0,1,0,DI[3],255563,7,0.020520657300949097,0.013277262449264526,0.005997359752655029,0.9894974231719971,0.012057691812515259
0,0,0,1,0,DI[1],255563,8,0.6160459518432617,0.01747262477874756,0.007463425397872925,0.9939959645271301,0.018413007259368896
1,0,0,0,0,EF[2],255563,9,0.005858093500137329,0.009680509567260742,0.00778314471244812,0.019386202096939087,0.010919511318206787
0,0,0,0,0,NEUTRAL,255563,11,0.006635755300521851,0.006548792123794556,0.017700642347335815,0.013837188482284546,0.006489992141723633
1,0,0,0,0,EF[1],613806,5,0.9782409071922302,0.020948976278305054,0.020708709955215454,0.024133890867233276,0.017531245946884155
0,0,0,1,0,DI[2],613806,7,0.009360790252685547,0.00948268175125122,0.040257394313812256,0.9887776374816895,0.01244288682937622
0,0,0,0,0,NEUTRAL,613806,2,0.0159207284450531,0.0027270615100860596,0.03666064143180847,0.010972708463668823,0.10326534509658813
0,0,0,1,0,DI[1],3048058,2,0.005891352891921997,0.006253033876419067,0.01936715841293335,0.9614499807357788,0.00866013765335083
0,0,1,0,0,ADR[4],3048058,6,0.008143514394760132,0.01550474762916565,0.967987596988678,0.23354026675224304,0.02450212836265564
0,0,1,0,0,ADR[3],3048058,7,0.028292149305343628,0.018791913986206055,0.9776736497879028,0.014336973428726196,0.020864099264144897
0,0,1,0,0,ADR[2],3048058,8,0.018026769161224365,0.01522529125213623,0.9677291512489319,0.015071094036102295,0.017335832118988037
0,0,0,0,0,NEUTRAL,3048058,3,0.002903193235397339,0.004529893398284912,0.008061408996582031,0.434049129486084,0.010652691125869751
1,0,1,1,0,EF[2]|ADR[3]|DI[5],880939,1,0.9647922515869141,0.027363747358322144,0.09724107384681702,0.9783716201782227,0.7599281072616577
0,0,1,0,0,ADR[1],880939,2,0.006739437580108643,0.004528850317001343,0.7932605147361755,0.7867739200592041,0.06382694840431213
0,0,1,0,0,ADR[6],880939,3,0.04615449905395508,0.031094461679458618,0.9872572422027588,0.01915040612220764,0.020553171634674072
0,0,0,0,1,Finding[4],880939,4,0.021490395069122314,0.009655535221099854,0.117279052734375,0.04527196288108826,0.8777996897697449
0,0,0,0,0,NEUTRAL,880939,5,0.011330485343933105,0.008319318294525146,0.9174502491950989,0.0066529810428619385,0.07638967037200928
